Workbook

Sheet Sample
A1: wqwe | B1: wqwe | C1: wqwe | D1: wqwe | E1: wqwe
A2: Row_Number | B2: Policy_Number_Txt | C2: Term_Effective_Date | D2: Project_Duration | E2: Construction_Member_Out_Of_Residence_Duration_Name | F2: Construction Type | G2: Foundation_Construction_Phase_ind | H2: Replacement_Cost_Amt | I2: Other_Structures_Amt | J2: Contents_Amt | K2: Homeowners_Risk_Location_Loss_Of_Use_Limit_Amt | L2: Residence_Type_Name | M2: Address_Key | N2: Address_Line_1_Txt | O2: Address_Line_2_Txt | P2: City_Name_Txt | Q2: State_Province_Cd | R2: Postal_Code_Txt | S2: County_Name | T2: Distance_To_Coast_Name | U2: Less_Than_500_Feet_To_Coast_Ind | V2: PURE_Rating_Zone_Name_Txt | W2: Homeowners_Risk_Location_Rating_Aggregation_Zone_Txt | X2: Policy Region | Y2: All_Other_Perils_Deductible_Amt | Z2: Hurricane_Deductible_Pct | AA2: Hail_State_Ind | AB2: Hail_Deductible_Pct | AC2: Insurance_Score_Rating_Txt | AD2: Construction_Type_Name | AE2: Protection_Class_Txt | AF2: Flood_Zone_Name | AG2: Water_Damage_Claims | AH2: Non_Water_Damage_Claims | AI2: Prior_Losses | AJ2: Year_Built_No | AK2: Year_Renovated_No | AL2: Year_Roof_Replaced_No | AM2: Age_of_Building | AN2: PURE_Preferred_Contractor_Credit | AO2: Contractor's Years in Business | AP2: Contractor's Loss History | AQ2: Contractor Carries Adequate Liability Coverage | AR2: Subrogation Against Contractor | AS2: Perimeter Fence | AT2: Gated Driveway | AU2: Exterior Lighting | AV2: Security Camera | AW2: Watchman | AX2: Window_And_Other_Opening_Protection_Type_Name | AY2: Opening Protection | AZ2: Square_Footage_No | BA2: Wildfire_Threat_No | BB2: Wildfire_Hazard_Severity_Name | BC2: Non-Wind Premium | BD2: Wind Premium | BE2: Non Wildfire Premium | BF2: Wildfire Premium | BG2: Liability Premium | BH2: Collections Final Premium | BI2: Premium Adjustment Total | BJ2: Location Premium | BK2: Optional Coverages Premium | BL2: Total Location Premium | BM2: RNG | BN2: Soft Costs Coverage | BO2: Scaffolding & Other | BP2: Ensuing Fungi/ Bacteria | BQ2: Valuable Papers & Records | BR2: Property at a Temporary Storage | BS2: Property in Transit | BT2: Excess_Flood_Coverage_Ind | BU2: EQ Coverage Ind | BV2: Primary_Residence_Ind | BW2: Seasonal_Secondary_Residence_Ind | BX2: PURE_Insures_Primary_Home_Ind | BY2: Rented_to_Others_Ind | BZ2: Roof_Covering_Type_Name | CA2: Roof_Deck_Type_Name | CB2: Roof_Shape_Name
A3: 1 | B3: HS2335102 | C3: 44785 | D3: 24 | E3: More than 30 days | F3: =IF(AND(E3="More than 30 days",D3>9),"Ground up Construction","Major Renovation/Remodel") -> Ground up Construction | G3: 0 | H3: 4500000 | I3: 0 | J3: 0 | K3: 0 | L3: Homeowner | M3: 1734288 | N3: 43 Kendrick Street | P3: Nantucket | Q3: MA | R3: 2554 | S3: Nantucket | T3: 1 Mile - 5 Miles | U3: 0 | V3: 1-C | W3: NULL | X3: =IF(U3=1,"Coastal","Inland") -> Inland | Y3: 10000 | Z3: 5 | AA3: =INDEX(Sheet3!$B$3:$B$52,MATCH(Sample!Q3,Sheet3!$A$3:$A$52,0)) -> N/A | AB3: =IF(AA3=1,INDEX(Sheet3!$K$2:$K$8,MATCH((ROUND((7*RAND()),0)),Sheet3!$J$2:$J$8,0)),"N/A") -> N/A | AC3: 730 | AD3: Frame | AE3: 8 | AF3: PRP - B/C/X | AG3: 0 | AH3: 0 | AI3: =SUM(AG3:AH3) -> 0 | AJ3: 2021 | AK3: NULL | AL3: NULL | AM3: =IF(F3="Ground up Construction","N/A",LOOKUP((YEAR(C3)-(IF(AK3="Null",AJ3,AK3))),Sheet3!$P$2:$P$6,Sheet3!$Q$2:$Q$6)) -> N/A | AN3: =ROUND(1*RAND(),0) -> 1 | AO3: =IFERROR(INDEX(Sheet3!$V$2:$V$4,MATCH((ROUND(3*RAND(),0)),Sheet3!$U$2:$U$4,0)),Sheet3!$V$2) -> 0 - 5 Years | AP3: =AI3 -> 0 | AQ3: =ROUND((1*RAND()),0) -> 0 | AR3: =IF(AQ3=0,"Waived","Not Waived") -> Waived | AS3: Yes | AT3: Yes | AU3: Yes | AV3: No | AW3: Yes | AX3: Unknown | AY3: =INDEX(Sheet3!$AI$2:$AI$11,MATCH(Sample!AX3,Sheet3!$AH$2:$AH$11,0)) -> No | AZ3: 5000 | BA3: NULL | BB3: NULL | BC3: 9805.9581 | BD3: 5799.73 | BE3: 0 | BF3: 0 | BG3: 0 | BH3: 0 | BI3: 4644 | BJ3: 20250 | BK3: 0 | BL3: 20250 | BM3: =IF(ROUND((6*RAND()),0)=0,1,(ROUND((6*RAND()),0))) -> 1 | BN3: 1000000 | BO3: 500000 | BP3: 50000 | BQ3: 50000 | BR3: 1000000 | BS3: 250000 | BT3: 0 | BU3: 0 | BV3: 0 | BW3: 0 | BX3: 1 | BY3: 0 | BZ3: Unknown | CA3: Unknown | CB3: Unknown
A4: 2 | B4: HS2223256 | C4: 44927 | D4: 3 | E4: More than 30 days | F4: Major Renovation/Remodel | G4: 0 | H4: 17000000 | I4: 1000000 | J4: 0 | K4: 0 | L4: Homeowner | M4: 1562910 | N4: 128 Lily Pond | O4: 17 Hedges Lane | P4: East Hampton | Q4: NY | R4: 11937 | S4: Suffolk | T4: 1,001 Feet - 1 Mile | U4: 0 | V4: 78-B | W4: NULL | X4: Inland | Y4: 25000 | Z4: 1 | AA4: N/A | AB4: N/A | AC4: 907 | AD4: Frame | AE4: 3 | AF4: PRP - B/C/X | AG4: 0 | AH4: 0 | AI4: 0 | AJ4: 2019 | AK4: NULL | AL4: NULL | AM4: 0 - 10 Years | AN4: 1 | AO4: 5 - 9 Years | AP4: =AI4 -> 0 | AQ4: 1 | AR4: Not Waived | AS4: Yes | AT4: No | AU4: Yes | AV4: No | AW4: Yes | AX4: Unknown | AY4: No | AZ4: 12000 | BA4: NULL | BB4: NULL | BC4: 31125.793 | BD4: 26071.69 | BE4: 0 | BF4: 0 | BG4: 0 | BH4: 0 | BI4: 36403 | BJ4: 93600 | BK4: 0 | BL4: 93600 | BM4: =IF(ROUND((6*RAND()),0)=0,1,(ROUND((6*RAND()),0))) -> 1 | BN4: 100000 | BO4: 500000 | BP4: 100000 | BQ4: 250000 | BR4: 250000 | BS4: No Coverage | BT4: 0 | BU4: 0 | BV4: 0 | BW4: 0 | BX4: 1 | BY4: 0 | BZ4: Rated Shingle for High Wind Speeds | CA4: 8d @ 6"/6" | CB4: Unknown
A5: 3 | B5: HS2399489 | C5: 44726 | D5: 18 | E5: More than 30 days | F5: Ground up Construction | G5: 0 | H5: 2700000 | I5: 148000 | J5: 250000 | K5: 0 | L5: Homeowner | M5: 1224163 | N5: 126 Cortez Rd | P5: West Palm Beach | Q5: FL | R5: 33405 | S5: Palm Beach | T5: < 1000 ft | U5: 1 | V5: 4-B | W5: NULL | X5: Coastal | Y5: 10000 | Z5: 15 | AA5: N/A | AB5: N/A | AC5: 701 | AD5: Masonry | AE5: 2 | AF5: AE/A1-A30/A Unnumbered | AG5: 0 | AH5: 0 | AI5: 0 | AJ5: 1987 | AK5: NULL | AL5: 2010 | AM5: N/A | AN5: 1 | AO5: 5 - 9 Years | AP5: =AI5 -> 0 | AQ5: 1 | AR5: Not Waived | AS5: No | AT5: No | AU5: Yes | AV5: Yes | AW5: Yes | AX5: Impact Glass Rated For Large Missiles | AY5: Yes | AZ5: 4217 | BA5: NULL | BB5: NULL | BC5: 10026.074 | BD5: 18158.28 | BE5: 0 | BF5: 0 | BG5: 300 | BH5: 0 | BI5: 52064 | BJ5: 80548 | BK5: 150 | BL5: 80698 | BM5: =IF(ROUND((6*RAND()),0)=0,1,(ROUND((6*RAND()),0))) -> 5 | BN5: 1000000 | BO5: 500000 | BP5: 50000 | BQ5: 100000 | BR5: 50000 | BS5: No Coverage | BT5: 0 | BU5: 0 | BV5: 0 | BW5: 0 | BX5: 1 | BY5: 0 | BZ5: Concrete / Clay Tiles | CA5: 8d @ 6"/6" | CB5: Hip
A6: 4 | B6: HS2139594 | C6: 44865 | D6: 30 | E6: More than 30 days | F6: Ground up Construction | G6: 1 | H6: 12850000 | I6: 1420000 | J6: 0 | K6: 0 | L6: Homeowner | M6: 1051429 | N6: 705 S Ocean Boulevard | P6: Delray Beach | Q6: FL | R6: 33483 | S6: Palm Beach | T6: < 1000 ft | U6: 1 | V6: 4-B | W6: NULL | X6: Coastal | Y6: 25000 | Z6: 5 | AA6: N/A | AB6: N/A | AC6: 898 | AD6: Masonry | AE6: 2 | AF6: V1-V30/VE | AG6: 0 | AH6: 1 | AI6: 1 | AJ6: 2018 | AK6: NULL | AL6: NULL | AM6: N/A | AN6: 1 | AO6: 5 - 9 Years | AP6: =AI6 -> 1 | AQ6: 1 | AR6: Not Waived | AS6: Yes | AT6: Yes | AU6: Yes | AV6: Yes | AW6: No | AX6: Impact Glass Rated For Large Missiles | AY6: Yes | AZ6: 10000 | BA6: NULL | BB6: NULL | BC6: 27942.182 | BD6: 48732.6 | BE6: 0 | BF6: 0 | BG6: 300 | BH6: 0 | BI6: 74560 | BJ6: 151535 | BK6: 0 | BL6: 151535 | BM6: =IF(ROUND((6*RAND()),0)=0,1,(ROUND((6*RAND()),0))) -> 4 | BN6: 100000 | BO6: 25000 | BP6: 50000 | BQ6: 500000 | BR6: 1000000 | BS6: 100000 | BT6: 0 | BU6: 0 | BV6: 0 | BW6: 0 | BX6: 0 | BY6: 0 | BZ6: Concrete / Clay Tiles | CA6: 8d @ 6"/6" | CB6: Hip
A7: 5 | B7: HS2356814 | C7: 44877 | D7: 33 | E7: More than 30 days | F7: Ground up Construction | G7: 1 | H7: 2000000 | I7: 150000 | J7: 0 | K7: 0 | L7: Homeowner | M7: 111163 | N7: 39 Park Circle | P7: Quogue | Q7: NY | R7: 11959 | S7: Suffolk | T7: 1,001 Feet - 1 Mile | U7: 0 | V7: 97-B | W7: NULL | X7: Inland | Y7: 10000 | Z7: 1 | AA7: N/A | AB7: N/A | AC7: 760 | AD7: Frame | AE7: 4 | AF7: PRP - B/C/X | AG7: 0 | AH7: 0 | AI7: 0 | AJ7: 2021 | AK7: NULL | AL7: NULL | AM7: N/A | AN7: 0 | AO7: 5 - 9 Years | AP7: =AI7 -> 0 | AQ7: 1 | AR7: Not Waived | AS7: No | AT7: No | AU7: No | AV7: Yes | AW7: Yes | AX7: Unknown | AY7: No | AZ7: 3970 | BA7: NULL | BB7: NULL | BC7: 6010.1917 | BD7: 5769.18 | BE7: 0 | BF7: 0 | BG7: 150 | BH7: 0 | BI7: -329 | BJ7: 11600 | BK7: 0 | BL7: 11600 | BM7: =IF(ROUND((6*RAND()),0)=0,1,(ROUND((6*RAND()),0))) -> 5 | BN7: 250000 | BO7: 250000 | BP7: 50000 | BQ7: 100000 | BR7: 50000 | BS7: 500000 | BT7: 0 | BU7: 0 | BV7: 0 | BW7: 0 | BX7: 0 | BY7: 0 | BZ7: Normal Shingle | CA7: Unknown | CB7: Unknown
A8: 6 | B8: HS2418178 | C8: 44825 | D8: 27 | E8: More than 30 days | F8: Ground up Construction | G8: 0 | H8: 1772000 | I8: 130000 | J8: 0 | K8: 0 | L8: Homeowner | M8: 1979885 | N8: 17500 Loch Lomond Way | P8: Boca Raton | Q8: FL | R8: 33496 | S8: Palm Beach | T8: > 5 miles | U8: 0 | V8: 4-E | W8: NULL | X8: Inland | Y8: 100000 | Z8: 10 | AA8: N/A | AB8: N/A | AC8: 850 | AD8: Masonry | AE8: 2 | AF8: PRP - B/C/X | AG8: 0 | AH8: 0 | AI8: 0 | AJ8: 1987 | AK8: NULL | AL8: 2000 | AM8: N/A | AN8: 0 | AO8: >= 10 Years | AP8: =AI8 -> 0 | AQ8: 0 | AR8: Waived | AS8: No | AT8: No | AU8: Yes | AV8: Yes | AW8: Yes | AX8: Partial Opening Protection | AY8: Yes | AZ8: 3400 | BA8: NULL | BB8: NULL | BC8: 3609.723 | BD8: 11977.48 | BE8: 0 | BF8: 0 | BG8: 0 | BH8: 0 | BI8: 3053 | BJ8: 18640 | BK8: 0 | BL8: 18640 | BM8: =IF(ROUND((6*RAND()),0)=0,1,(ROUND((6*RAND()),0))) -> 3 | BN8: 250000 | BO8: 500000 | BP8: 50000 | BQ8: 25000 | BR8: 100000 | BS8: 100000 | BT8: 0 | BU8: 0 | BV8: 0 | BW8: 0 | BX8: 1 | BY8: 0 | BZ8: Concrete / Clay Tiles | CA8: 8d @ 6"/6" | CB8: Hip
A9: 7 | B9: HS2144435 | C9: 44877 | D9: 33 | E9: More than 30 days | F9: Ground up Construction | G9: 0 | H9: 0 | I9: 0 | J9: 1978410 | K9: 0 | L9: Condo/Co-op | M9: 1122004 | N9: 300 Beach Drive NE | O9: Unit 2901 | P9: St Petersburg | Q9: FL | R9: 33701 | S9: Pinellas | T9: 1001 ft - 1 mile | U9: 0 | V9: 19-C | W9: NULL | X9: Inland | Y9: 5000 | Z9: 1.9999899 | AA9: N/A | AB9: N/A | AC9: 909 | AD9: Fire Resistive | AE9: 1 | AF9: PRP - B/C/X | AG9: 0 | AH9: 0 | AI9: 0 | AJ9: 2006 | AK9: NULL | AL9: NULL | AM9: N/A | AN9: 1 | AO9: 0 - 5 Years | AP9: =AI9 -> 0 | AQ9: 1 | AR9: Not Waived | AS9: No | AT9: No | AU9: No | AV9: No | AW9: Yes | AX9: Impact Glass Rated For Large Missiles | AY9: Yes | AZ9: 4962 | BA9: NULL | BB9: NULL | BC9: 3345.7591 | BD9: 3364.48 | BE9: 0 | BF9: 0 | BG9: 0 | BH9: 0 | BI9: 5358.06 | BJ9: 12068 | BK9: 125.07 | BL9: 12193.07 | BM9: =IF(ROUND((6*RAND()),0)=0,1,(ROUND((6*RAND()),0))) -> 1 | BN9: 50000 | BO9: 20000 | BP9: Base | BQ9: 1000000 | BR9: 250000 | BS9: 50000 | BT9: 0 | BU9: 0 | BV9: 0 | BW9: 0 | BX9: 1 | BY9: 0 | BZ9: Metal Sheathing With Concealed Fasteners | CA9: 8d @ 6"/6" | CB9: Hip
A10: 8 | B10: HS2336936 | C10: 44799 | D10: 24 | E10: More than 30 days | F10: Ground up Construction | G10: 1 | H10: 8500000 | I10: 500000 | J10: 0 | K10: 0 | L10: Homeowner | M10: 1756779 | N10: 615 S Beach Dr | P10: Jupiter | Q10: FL | R10: 33469 | S10: Palm Beach | T10: Barrier Island | U10: 1 | V10: 4-Z | W10: NULL | X10: Coastal | Y10: 500000 | Z10: 25 | AA10: N/A | AB10: N/A | AC10: 897 | AD10: Masonry | AE10: 4 | AF10: PRP - B/C/X | AG10: 0 | AH10: 0 | AI10: 0 | AJ10: 2021 | AK10: 2021 | AL10: NULL | AM10: N/A | AN10: 0 | AO10: >= 10 Years | AP10: =AI10 -> 0 | AQ10: 0 | AR10: Waived | AS10: No | AT10: Yes | AU10: No | AV10: Yes | AW10: Yes | AX10: Impact Glass Rated For Large Missiles | AY10: Yes | AZ10: 5000 | BA10: NULL | BB10: NULL | BC10: 8209.4305 | BD10: 15358.03 | BE10: 0 | BF10: 0 | BG10: 300 | BH10: 0 | BI10: 50780 | BJ10: 74647 | BK10: 0 | BL10: 74647 | BM10: =IF(ROUND((6*RAND()),0)=0,1,(ROUND((6*RAND()),0))) -> 3 | BN10: 250000 | BO10: 100000 | BP10: 100000 | BQ10: 100000 | BR10: 250000 | BS10: 50000 | BT10: 0 | BU10: 0 | BV10: 0 | BW10: 0 | BX10: 1 | BY10: 0 | BZ10: Concrete / Clay Tiles | CA10: 8d @ 6"/6" | CB10: Hip
A11: 9 | B11: HS2205578 | C11: 44823 | D11: 27 | E11: More than 30 days | F11: Ground up Construction | G11: 1 | H11: 0 | I11: 0 | J11: 10550000 | K11: 0 | L11: Condo/Co-op | M11: 814033 | N11: 145 Central Park West | O11: APT 26-27 C | P11: New York | Q11: NY | R11: 10023 | S11: New York | T11: > 5 Miles | U11: 0 | V11: 1023-D | W11: NULL | X11: Inland | Y11: 25000 | Z11: 1 | AA11: N/A | AB11: N/A | AC11: 743 | AD11: Fire Resistive | AE11: 1 | AF11: PRP - B/C/X | AG11: 0 | AH11: 0 | AI11: 0 | AJ11: 1931 | AK11: 2000 | AL11: 2022 | AM11: N/A | AN11: 0 | AO11: 0 - 5 Years | AP11: =AI11 -> 0 | AQ11: 1 | AR11: Not Waived | AS11: No | AT11: Yes | AU11: Yes | AV11: Yes | AW11: No | AX11: Unknown | AY11: No | AZ11: 5800 | BA11: NULL | BB11: NULL | BC11: 34393.828 | BD11: 5107.38 | BE11: 0 | BF11: 0 | BG11: 150 | BH11: 0 | BI11: 32939 | BJ11: 72590 | BK11: 0 | BL11: 72590 | BM11: =IF(ROUND((6*RAND()),0)=0,1,(ROUND((6*RAND()),0))) -> 5 | BN11: 500000 | BO11: 500000 | BP11: 100000 | BQ11: 250000 | BR11: No Coverage | BS11: 250000 | BT11: 0 | BU11: 0 | BV11: 0 | BW11: 0 | BX11: 1 | BY11: 0 | BZ11: Rated Shingle for High Wind Speeds | CA11: 8d @ 6"/6" | CB11: Unknown
A12: 10 | B12: HS2367134 | C12: 44916 | D12: 36 | E12: More than 30 days | F12: Ground up Construction | G12: 0 | H12: 810000 | I12: 10000 | J12: 0 | K12: 0 | L12: Homeowner | M12: 888821 | N12: 2 S Wyoming Ave | P12: Ventnor City | Q12: NJ | R12: 8406 | S12: Atlantic | T12: 1,001 Feet - 1 Mile | U12: 0 | V12: 231-B | W12: NULL | X12: Inland | Y12: 10000 | Z12: 2 | AA12: N/A | AB12: N/A | AC12: 871 | AD12: Frame | AE12: 2 | AF12: PRP - B/C/X | AG12: 0 | AH12: 1 | AI12: 1 | AJ12: 1928 | AK12: 2021 | AL12: 2021 | AM12: N/A | AN12: 0 | AO12: 0 - 5 Years | AP12: =AI12 -> 1 | AQ12: 1 | AR12: Not Waived | AS12: Yes | AT12: Yes | AU12: No | AV12: Yes | AW12: No | AX12: Unknown | AY12: No | AZ12: 2412 | BA12: NULL | BB12: NULL | BC12: 1809.1924 | BD12: 2505.89 | BE12: 0 | BF12: 0 | BG12: 0 | BH12: 0 | BI12: 2327 | BJ12: 6642 | BK12: 0 | BL12: 6642 | BM12: =IF(ROUND((6*RAND()),0)=0,1,(ROUND((6*RAND()),0))) -> 5 | BN12: 500000 | BO12: 500000 | BP12: Base | BQ12: 500000 | BR12: 1000000 | BS12: 1000000 | BT12: 0 | BU12: 0 | BV12: 0 | BW12: 0 | BX12: 1 | BY12: 0 | BZ12: Normal Shingle | CA12: Unknown | CB12: Unknown
A13: 11 | B13: HS2430441 | C13: 44882 | D13: 33 | E13: More than 30 days | F13: Ground up Construction | G13: 1 | H13: 4000000 | I13: 300000 | J13: 0 | K13: 0 | L13: Homeowner | M13: 2017518 | N13: 3034 Marshall Boulevard | P13: Sullivans Island | Q13: SC | R13: 29482 | S13: Charleston | T13: 0 - 2,500 Feet | U13: 1 | V13: 20-B | W13: NULL | X13: Coastal | Y13: 25000 | Z13: 5 | AA13: N/A | AB13: N/A | AC13: 925 | AD13: Frame | AE13: 1 | AF13: AE/A1-A30/A Unnumbered | AG13: 0 | AH13: 0 | AI13: 0 | AJ13: 2022 | AK13: NULL | AL13: NULL | AM13: N/A | AN13: 1 | AO13: 0 - 5 Years | AP13: =AI13 -> 0 | AQ13: 0 | AR13: Waived | AS13: Yes | AT13: Yes | AU13: Yes | AV13: Yes | AW13: No | AX13: Unknown | AY13: No | AZ13: 4760 | BA13: NULL | BB13: NULL | BC13: 4932.4237 | BD13: 13468.06 | BE13: 0 | BF13: 0 | BG13: 150 | BH13: 0 | BI13: 8540 | BJ13: 27090 | BK13: 150 | BL13: 27240 | BM13: =IF(ROUND((6*RAND()),0)=0,1,(ROUND((6*RAND()),0))) -> 6 | BN13: 2000000 | BO13: 50000 | BP13: 100000 | BQ13: 500000 | BR13: 250000 | BS13: 500000 | BT13: 0 | BU13: 0 | BV13: 0 | BW13: 0 | BX13: 1 | BY13: 0 | BZ13: Metal Sheathing With Concealed Fasteners | CA13: 8d @ 6"/12" | CB13: Gable
A14: 12 | B14: HS2416562 | C14: 44816 | D14: 27 | E14: More than 30 days | F14: Ground up Construction | G14: 1 | H14: 1400000 | I14: 184400 | J14: 250000 | K14: 0 | L14: Homeowner | M14: 1645092 | N14: 379 93rd st | P14: Stone Harbor | Q14: NJ | R14: 8247 | S14: Cape May | T14: 0 - 1,000 Feet | U14: 0 | V14: 315-A | W14: NULL | X14: Inland | Y14: 10000 | Z14: 2 | AA14: N/A | AB14: N/A | AC14: 713 | AD14: Frame | AE14: 3 | AF14: AE/A1-A30/A Unnumbered | AG14: 0 | AH14: 0 | AI14: 0 | AJ14: 2001 | AK14: NULL | AL14: NULL | AM14: N/A | AN14: 1 | AO14: 0 - 5 Years | AP14: =AI14 -> 0 | AQ14: 0 | AR14: Waived | AS14: No | AT14: No | AU14: No | AV14: No | AW14: Yes | AX14: None | AY14: No | AZ14: 3180 | BA14: NULL | BB14: NULL | BC14: 4882.0341 | BD14: 4390.34 | BE14: 0 | BF14: 0 | BG14: 150 | BH14: 0 | BI14: 1934 | BJ14: 11356 | BK14: 200 | BL14: 11556 | BM14: =IF(ROUND((6*RAND()),0)=0,1,(ROUND((6*RAND()),0))) -> 2 | BN14: 250000 | BO14: 1000000 | BP14: Base | BQ14: 50000 | BR14: 1000000 | BS14: 250000 | BT14: 0 | BU14: 0 | BV14: 0 | BW14: 0 | BX14: 1 | BY14: 0 | BZ14: Rated Shingle for High Wind Speeds | CA14: Unknown | CB14: Gable
A15: 13 | B15: HS2340367 | C15: 44812 | D15: 27 | E15: More than 30 days | F15: Ground up Construction | G15: 0 | H15: 5250000 | I15: 50000 | J15: 0 | K15: 0 | L15: Homeowner | M15: 23867 | N15: 23 Grey Widgeon Lane | P15: Kiawah Island | Q15: SC | R15: 29455 | S15: Charleston | T15: 2,501 Feet - 1 Mile | U15: 0 | V15: 10-D | W15: NULL | X15: Inland | Y15: 25000 | Z15: 5 | AA15: N/A | AB15: N/A | AC15: 861 | AD15: Frame | AE15: 2 | AF15: AE/A1-A30/A Unnumbered | AG15: 0 | AH15: 0 | AI15: 0 | AJ15: 2009 | AK15: NULL | AL15: NULL | AM15: N/A | AN15: 1 | AO15: 5 - 9 Years | AP15: =AI15 -> 0 | AQ15: 1 | AR15: Not Waived | AS15: Yes | AT15: No | AU15: Yes | AV15: Yes | AW15: Yes | AX15: Impact Glass Rated For Large Missiles | AY15: Yes | AZ15: 6100 | BA15: NULL | BB15: NULL | BC15: 7506.4059 | BD15: 18842.62 | BE15: 0 | BF15: 0 | BG15: 150 | BH15: 0 | BI15: 9011 | BJ15: 35510 | BK15: 0 | BL15: 35510 | BM15: =IF(ROUND((6*RAND()),0)=0,1,(ROUND((6*RAND()),0))) -> 4 | BN15: 100000 | BO15: 250000 | BP15: 100000 | BQ15: 1000000 | BR15: 500000 | BS15: 100000 | BT15: 0 | BU15: 0 | BV15: 0 | BW15: 0 | BX15: 0 | BY15: 0 | BZ15: Metal Sheathing With Concealed Fasteners | CA15: Unknown | CB15: Gable
A16: 14 | B16: HS2440853 | C16: 44963 | D16: 6 | E16: More than 30 days | F16: Major Renovation/Remodel | G16: 0 | H16: 0 | I16: 0 | J16: 2530000 | K16: 0 | L16: Condo/Co-op | M16: 1904191 | N16: 800 S Ocean Blvd | O16: #301 | P16: Boca Raton | Q16: FL | R16: 33432 | S16: Palm Beach | T16: Barrier Island | U16: 1 | V16: 4-Z | W16: NULL | X16: Coastal | Y16: 10000 | Z16: 10 | AA16: N/A | AB16: N/A | AC16: 781 | AD16: Reinforced Poured Concrete | AE16: 1 | AF16: PRP - B/C/X | AG16: 0 | AH16: 0 | AI16: 0 | AJ16: 1994 | AK16: NULL | AL16: 2016 | AM16: 26 - 50 Years | AN16: 1 | AO16: 5 - 9 Years | AP16: =AI16 -> 0 | AQ16: 1 | AR16: Not Waived | AS16: No | AT16: Yes | AU16: No | AV16: Yes | AW16: No | AX16: Impact Glass Rated For Large Missiles | AY16: Yes | AZ16: 4747 | BA16: NULL | BB16: NULL | BC16: 4560.0981 | BD16: 12244.12 | BE16: 0 | BF16: 0 | BG16: 300 | BH16: 0 | BI16: 30333 | BJ16: 47437 | BK16: 0 | BL16: 47437 | BM16: =IF(ROUND((6*RAND()),0)=0,1,(ROUND((6*RAND()),0))) -> 4 | BN16: 100000 | BO16: 25000 | BP16: 50000 | BQ16: 500000 | BR16: 100000 | BS16: 250000 | BT16: 0 | BU16: 0 | BV16: 0 | BW16: 0 | BX16: 1 | BY16: 0 | BZ16: Rated Shingle for High Wind Speeds | CA16: 8d @ 6"/6" | CB16: Flat / Other
A17: 15 | B17: HS2420270 | C17: 44840 | D17: 30 | E17: More than 30 days | F17: Ground up Construction | G17: 0 | H17: 2000000 | I17: 190000 | J17: 25000 | K17: 0 | L17: Homeowner | M17: 1993374 | N17: 18925 NE 21st Ave | P17: N Miami Beach | Q17: FL | R17: 33179 | S17: Miami-Dade | T17: 1mile - 5 miles | U17: 0 | V17: 2-D | W17: NULL | X17: Inland | Y17: 100000 | Z17: 5 | AA17: N/A | AB17: N/A | AC17: 839 | AD17: Masonry | AE17: 2 | AF17: PRP - B/C/X | AG17: 0 | AH17: 0 | AI17: 0 | AJ17: 1968 | AK17: 1995 | AL17: 2022 | AM17: N/A | AN17: 1 | AO17: 5 - 9 Years | AP17: =AI17 -> 0 | AQ17: 0 | AR17: Waived | AS17: No | AT17: No | AU17: Yes | AV17: Yes | AW17: Yes | AX17: Impact Glass Rated For Large Missiles | AY17: Yes | AZ17: 2765 | BA17: NULL | BB17: NULL | BC17: 4546.024 | BD17: 21059.61 | BE17: 0 | BF17: 0 | BG17: 0 | BH17: 0 | BI17: 13223 | BJ17: 38829 | BK17: 0 | BL17: 38829 | BM17: =IF(ROUND((6*RAND()),0)=0,1,(ROUND((6*RAND()),0))) -> 1 | BN17: 500000 | BO17: 100000 | BP17: 100000 | BQ17: 500000 | BR17: 50000 | BS17: 50000 | BT17: 0 | BU17: 0 | BV17: 0 | BW17: 0 | BX17: 1 | BY17: 0 | BZ17: Rated Shingle for High Wind Speeds | CA17: 8d @ 6"/6" | CB17: Flat / Other
A18: 16 | B18: HS2411785 | C18: 44788 | D18: 24 | E18: More than 30 days | F18: Ground up Construction | G18: 0 | H18: 2200000 | I18: 0 | J18: 0 | K18: 0 | L18: Homeowner | M18: 1913825 | N18: 8208 Jack Nicklaus Cove | P18: Bradenton | Q18: FL | R18: 34202 | S18: Manatee | T18: > 5 miles | U18: 0 | V18: 18-E | W18: NULL | X18: Inland | Y18: 10000 | Z18: 5 | AA18: N/A | AB18: N/A | AC18: 941 | AD18: Masonry | AE18: 3 | AF18: PRP - B/C/X | AG18: 0 | AH18: 0 | AI18: 0 | AJ18: 2022 | AK18: NULL | AL18: NULL | AM18: N/A | AN18: 1 | AO18: >= 10 Years | AP18: =AI18 -> 0 | AQ18: 1 | AR18: Not Waived | AS18: No | AT18: No | AU18: Yes | AV18: No | AW18: No | AX18: Unknown | AY18: No | AZ18: 5520 | BA18: NULL | BB18: NULL | BC18: 3285.2662 | BD18: 3607.26 | BE18: 0 | BF18: 0 | BG18: 300 | BH18: 0 | BI18: 8496 | BJ18: 15689 | BK18: 0 | BL18: 15689 | BM18: =IF(ROUND((6*RAND()),0)=0,1,(ROUND((6*RAND()),0))) -> 3 | BN18: 500000 | BO18: 100000 | BP18: 200000 | BQ18: 1000000 | BR18: 50000 | BS18: No Coverage | BT18: 0 | BU18: 0 | BV18: 0 | BW18: 0 | BX18: 1 | BY18: 0 | BZ18: Concrete / Clay Tiles | CA18: Unknown | CB18: Hip
A19: 17 | B19: HS2397172 | C19: 44710 | D19: 15 | E19: More than 30 days | F19: Ground up Construction | G19: 1 | H19: 5850000 | I19: 150000 | J19: 0 | K19: 0 | L19: Homeowner | M19: 109612 | N19: 65 Horatio Street | P19: New York | Q19: NY | R19: 10014 | S19: New York | T19: 1 Mile - 5 Miles | U19: 0 | V19: 1014-C | W19: NULL | X19: Inland | Y19: 25000 | Z19: 2 | AA19: N/A | AB19: N/A | AC19: 731 | AD19: Brick | AE19: 1 | AF19: PRP - B/C/X | AG19: 0 | AH19: 0 | AI19: 0 | AJ19: 1856 | AK19: NULL | AL19: NULL | AM19: N/A | AN19: 0 | AO19: 5 - 9 Years | AP19: =AI19 -> 0 | AQ19: 1 | AR19: Not Waived | AS19: Yes | AT19: No | AU19: No | AV19: No | AW19: Yes | AX19: Unknown | AY19: No | AZ19: 2296 | BA19: NULL | BB19: NULL | BC19: 23091.701 | BD19: 5558.35 | BE19: 0 | BF19: 0 | BG19: 120 | BH19: 0 | BI19: 4630 | BJ19: 33400 | BK19: 0 | BL19: 33400 | BM19: =IF(ROUND((6*RAND()),0)=0,1,(ROUND((6*RAND()),0))) -> 2 | BN19: 50000 | BO19: 100000 | BP19: 100000 | BQ19: 500000 | BR19: 50000 | BS19: 1000000 | BT19: 0 | BU19: 0 | BV19: 0 | BW19: 0 | BX19: 1 | BY19: 0 | BZ19: Normal Shingle | CA19: Unknown | CB19: Flat / Other
A20: 18 | B20: HS2279854 | C20: 44860 | D20: 30 | E20: More than 30 days | F20: Ground up Construction | G20: 1 | H20: 0 | I20: 0 | J20: 7000000 | K20: 0 | L20: Condo/Co-op | M20: 1403936 | N20: 2801 Turtle Creek Blvd | O20: 11th Floor | P20: Dallas | Q20: TX | R20: 75219 | S20: Dallas | T20: Inland | U20: 0 | V20: 500 | W20: Not Applicable | X20: Inland | Y20: 25000 | Z20: NULL | AA20: 0 | AB20: N/A | AC20: 888 | AD20: Reinforced Poured Concrete | AE20: 1 | AF20: PRP - B/C/X | AG20: 0 | AH20: 0 | AI20: 0 | AJ20: 1992 | AK20: NULL | AL20: 2013 | AM20: N/A | AN20: 0 | AO20: >= 10 Years | AP20: =AI20 -> 0 | AQ20: 0 | AR20: Waived | AS20: No | AT20: Yes | AU20: No | AV20: No | AW20: No | AX20: None | AY20: No | AZ20: 9638 | BA20: NULL | BB20: NULL | BC20: 18955.561 | BD20: 7597.98 | BE20: 0 | BF20: 0 | BG20: 150 | BH20: 0 | BI20: 13196 | BJ20: 39900 | BK20: 0 | BL20: 39900 | BM20: =IF(ROUND((6*RAND()),0)=0,1,(ROUND((6*RAND()),0))) -> 1 | BN20: 500000 | BO20: 50000 | BP20: 50000 | BQ20: 50000 | BR20: 500000 | BS20: 250000 | BT20: 0 | BU20: 0 | BV20: 0 | BW20: 0 | BX20: 1 | BY20: 0 | BZ20: Concrete / Clay Tiles | CA20: 8d @ 6"/6" | CB20: Hip
A21: 19 | B21: HS2432276 | C21: 44896 | D21: 36 | E21: More than 30 days | F21: Ground up Construction | G21: 0 | H21: 3050000 | I21: 450000 | J21: 0 | K21: 0 | L21: Homeowner | M21: 1630661 | N21: 3 Assups Neck Ln | P21: Quogue | Q21: NY | R21: 11959 | S21: Suffolk | T21: 0 - 1,000 Feet | U21: 0 | V21: 97-A | W21: NULL | X21: Inland | Y21: 10000 | Z21: 10 | AA21: N/A | AB21: N/A | AC21: 818 | AD21: Frame | AE21: 4 | AF21: PRP - B/C/X | AG21: 0 | AH21: 0 | AI21: 0 | AJ21: 2001 | AK21: NULL | AL21: NULL | AM21: N/A | AN21: 1 | AO21: 0 - 5 Years | AP21: =AI21 -> 0 | AQ21: 1 | AR21: Not Waived | AS21: Yes | AT21: No | AU21: Yes | AV21: Yes | AW21: No | AX21: Unknown | AY21: No | AZ21: 3800 | BA21: NULL | BB21: NULL | BC21: 10975.622 | BD21: 8926.2 | BE21: 0 | BF21: 0 | BG21: 150 | BH21: 0 | BI21: 7211 | BJ21: 27263 | BK21: 300 | BL21: 27563 | BM21: =IF(ROUND((6*RAND()),0)=0,1,(ROUND((6*RAND()),0))) -> 2 | BN21: 1000000 | BO21: 25000 | BP21: 100000 | BQ21: 50000 | BR21: 50000 | BS21: 2000000 | BT21: 0 | BU21: 0 | BV21: 0 | BW21: 0 | BX21: 1 | BY21: 0 | BZ21: Wood Shake | CA21: Unknown | CB21: Gable
A22: 20 | B22: HS2419643 | C22: 44833 | D22: 27 | E22: More than 30 days | F22: Ground up Construction | G22: 0 | H22: 0 | I22: 0 | J22: 3000000 | K22: 0 | L22: Condo/Co-op | M22: 1995683 | N22: 21 East 79th Street | O22: 5th Floor | P22: New York | Q22: NY | R22: 10075 | S22: New York | T22: > 5 Miles | U22: 0 | V22: 1053-D | W22: NULL | X22: Inland | Y22: 25000 | Z22: 1 | AA22: N/A | AB22: N/A | AC22: 717 | AD22: Fire Resistive | AE22: 1 | AF22: PRP - B/C/X | AG22: 0 | AH22: 0 | AI22: 0 | AJ22: 1930 | AK22: 2022 | AL22: 2005 | AM22: N/A | AN22: 0 | AO22: >= 10 Years | AP22: =AI22 -> 0 | AQ22: 0 | AR22: Waived | AS22: No | AT22: Yes | AU22: No | AV22: No | AW22: Yes | AX22: Unknown | AY22: No | AZ22: 3500 | BA22: NULL | BB22: NULL | BC22: 10225.552 | BD22: 2556.32 | BE22: 0 | BF22: 0 | BG22: 0 | BH22: 0 | BI22: 4468 | BJ22: 17250 | BK22: 0 | BL22: 17250 | BM22: =IF(ROUND((6*RAND()),0)=0,1,(ROUND((6*RAND()),0))) -> 0 | BN22: 2000000 | BO22: 500000 | BP22: 50000 | BQ22: 250000 | BR22: 100000 | BS22: 250000 | BT22: 0 | BU22: 0 | BV22: 0 | BW22: 0 | BX22: 1 | BY22: 0 | BZ22: Normal Shingle | CA22: Unknown | CB22: Flat / Other
A23: 21 | B23: HS2411822 | C23: 44789 | D23: 24 | E23: More than 30 days | F23: Ground up Construction | G23: 0 | H23: 0 | I23: 0 | J23: 1044400 | K23: 0 | L23: Condo/Co-op | M23: 1899247 | N23: 1045 Park Avenue | O23: #12A | P23: New York | Q23: NY | R23: 10028 | S23: New York | T23: > 5 Miles | U23: 0 | V23: 1028-D | W23: NULL | X23: Inland | Y23: 10000 | Z23: 1 | AA23: N/A | AB23: N/A | AC23: 746 | AD23: Fire Resistive | AE23: 1 | AF23: PRP - B/C/X | AG23: 0 | AH23: 0 | AI23: 0 | AJ23: 1923 | AK23: 2022 | AL23: NULL | AM23: N/A | AN23: 0 | AO23: 5 - 9 Years | AP23: =AI23 -> 0 | AQ23: 1 | AR23: Not Waived | AS23: Yes | AT23: Yes | AU23: Yes | AV23: Yes | AW23: No | AX23: Unknown | AY23: No | AZ23: 1492 | BA23: NULL | BB23: NULL | BC23: 4347.6379 | BD23: 1128.34 | BE23: 0 | BF23: 0 | BG23: 0 | BH23: 0 | BI23: 1835 | BJ23: 7311 | BK23: 0 | BL23: 7311 | BM23: =IF(ROUND((6*RAND()),0)=0,1,(ROUND((6*RAND()),0))) -> 1 | BN23: 1000000 | BO23: 1000000 | BP23: 100000 | BQ23: 250000 | BR23: 50000 | BS23: 250000 | BT23: 0 | BU23: 0 | BV23: 0 | BW23: 0 | BX23: 1 | BY23: 0 | BZ23: Normal Shingle | CA23: Unknown | CB23: Flat / Other
A24: 22 | B24: HS2430651 | C24: 44881 | D24: 33 | E24: More than 30 days | F24: Ground up Construction | G24: 1 | H24: 1850000 | I24: 300000 | J24: 0 | K24: 0 | L24: Homeowner | M24: 33562 | N24: 32 Gray Rock Lane | P24: Chappaqua | Q24: NY | R24: 10514 | S24: Westchester | T24: > 5 Miles | U24: 0 | V24: 2010-D | W24: NULL | X24: Inland | Y24: 10000 | Z24: 1 | AA24: N/A | AB24: N/A | AC24: 720 | AD24: Frame | AE24: 4 | AF24: PRP - B/C/X | AG24: 0 | AH24: 0 | AI24: 0 | AJ24: 1906 | AK24: 1995 | AL24: 2011 | AM24: N/A | AN24: 0 | AO24: 5 - 9 Years | AP24: =AI24 -> 0 | AQ24: 0 | AR24: Waived | AS24: Yes | AT24: No | AU24: Yes | AV24: Yes | AW24: No | AX24: None | AY24: No | AZ24: 3066 | BA24: NULL | BB24: NULL | BC24: 5899.7331 | BD24: 1588.19 | BE24: 0 | BF24: 0 | BG24: 150 | BH24: 0 | BI24: 3972 | BJ24: 11610 | BK24: 0 | BL24: 11610 | BM24: =IF(ROUND((6*RAND()),0)=0,1,(ROUND((6*RAND()),0))) -> 4 | BN24: 250000 | BO24: 25000 | BP24: 200000 | BQ24: 100000 | BR24: 100000 | BS24: 50000 | BT24: 0 | BU24: 0 | BV24: 0 | BW24: 0 | BX24: 0 | BY24: 0 | BZ24: Normal Shingle | CA24: Unknown | CB24: Gable
A25: 23 | B25: HS2373753 | C25: 44954 | D25: 3 | E25: More than 30 days | F25: Major Renovation/Remodel | G25: 0 | H25: 4864000 | I25: 900000 | J25: 0 | K25: 0 | L25: Homeowner | M25: 1546956 | N25: 12 Bayview Dr | P25: Quogue | Q25: NY | R25: 11959 | S25: Suffolk | T25: 0 - 1,000 Feet | U25: 1 | V25: 97-A | W25: NULL | X25: Coastal | Y25: 10000 | Z25: 2 | AA25: N/A | AB25: N/A | AC25: 757 | AD25: Frame | AE25: 4 | AF25: AE/A1-A30/A Unnumbered | AG25: 0 | AH25: 0 | AI25: 0 | AJ25: 2021 | AK25: NULL | AL25: NULL | AM25: 0 - 10 Years | AN25: 1 | AO25: 0 - 5 Years | AP25: =AI25 -> 0 | AQ25: 0 | AR25: Waived | AS25: Yes | AT25: No | AU25: No | AV25: Yes | AW25: Yes | AX25: Unknown | AY25: No | AZ25: 7500 | BA25: NULL | BB25: NULL | BC25: 16541.955 | BD25: 12842.45 | BE25: 0 | BF25: 0 | BG25: 0 | BH25: 0 | BI25: 2318 | BJ25: 31702 | BK25: 0 | BL25: 31702 | BM25: =IF(ROUND((6*RAND()),0)=0,1,(ROUND((6*RAND()),0))) -> 4 | BN25: 100000 | BO25: 50000 | BP25: 200000 | BQ25: 1000000 | BR25: 1000000 | BS25: 2000000 | BT25: 0 | BU25: 0 | BV25: 0 | BW25: 0 | BX25: 1 | BY25: 0 | BZ25: Unknown | CA25: Unknown | CB25: Unknown
A26: 24 | B26: HS2393400 | C26: 44698 | D26: 15 | E26: More than 30 days | F26: Ground up Construction | G26: 0 | H26: 15000000 | I26: 620000 | J26: 0 | K26: 0 | L26: Homeowner | M26: 1918579 | N26: 5318 Isleworth Country Club Drive | P26: Windermere | Q26: FL | R26: 34786 | S26: Orange | T26: > 5 miles | U26: 0 | V26: 36-E | W26: NULL | X26: Inland | Y26: 25000 | Z26: 2 | AA26: N/A | AB26: N/A | AC26: 771 | AD26: Masonry | AE26: 1 | AF26: PRP - B/C/X | AG26: 0 | AH26: 0 | AI26: 0 | AJ26: 2006 | AK26: NULL | AL26: NULL | AM26: N/A | AN26: 0 | AO26: 5 - 9 Years | AP26: =AI26 -> 0 | AQ26: 1 | AR26: Not Waived | AS26: Yes | AT26: No | AU26: No | AV26: No | AW26: Yes | AX26: Impact Glass Rated For Large Missiles | AY26: Yes | AZ26: 12298 | BA26: NULL | BB26: NULL | BC26: 19967.642 | BD26: 11446.35 | BE26: 0 | BF26: 0 | BG26: 200 | BH26: 0 | BI26: 71683 | BJ26: 103297 | BK26: 700 | BL26: 103997 | BM26: =IF(ROUND((6*RAND()),0)=0,1,(ROUND((6*RAND()),0))) -> 3 | BN26: 50000 | BO26: 500000 | BP26: Base | BQ26: 250000 | BR26: 50000 | BS26: 2000000 | BT26: 0 | BU26: 0 | BV26: 0 | BW26: 0 | BX26: 1 | BY26: 0 | BZ26: Concrete / Clay Tiles | CA26: Unknown | CB26: Hip
A27: 25 | B27: HS2415410 | C27: 44810 | D27: 27 | E27: More than 30 days | F27: Ground up Construction | G27: 1 | H27: 0 | I27: 0 | J27: 475000 | K27: 0 | L27: Condo/Co-op | M27: 1978487 | N27: 7290 SW 90 St F 204 | P27: Miami | Q27: FL | R27: 33156 | S27: Miami-Dade | T27: 1mile - 5 miles | U27: 0 | V27: 2-D | W27: NULL | X27: Inland | Y27: 50000 | Z27: 5 | AA27: N/A | AB27: N/A | AC27: 771 | AD27: Reinforced Poured Concrete | AE27: 2 | AF27: PRP - B/C/X | AG27: 0 | AH27: 0 | AI27: 0 | AJ27: 2008 | AK27: NULL | AL27: NULL | AM27: N/A | AN27: 1 | AO27: 5 - 9 Years | AP27: =AI27 -> 0 | AQ27: 0 | AR27: Waived | AS27: No | AT27: Yes | AU27: Yes | AV27: Yes | AW27: No | AX27: Impact Glass Rated For Large Missiles | AY27: Yes | AZ27: 1064 | BA27: NULL | BB27: NULL | BC27: 1031.5109 | BD27: 5500.31 | BE27: 0 | BF27: 0 | BG27: 0 | BH27: 0 | BI27: 2255 | BJ27: 8787 | BK27: 0 | BL27: 8787 | BM27: =IF(ROUND((6*RAND()),0)=0,1,(ROUND((6*RAND()),0))) -> 0 | BN27: 50000 | BO27: 50000 | BP27: 50000 | BQ27: 50000 | BR27: 50000 | BS27: 100000 | BT27: 0 | BU27: 0 | BV27: 0 | BW27: 0 | BX27: 1 | BY27: 0 | BZ27: Rated Shingle for High Wind Speeds | CA27: 8d @ 6"/6" | CB27: Flat / Other
A28: 26 | B28: HS2415338 | C28: 44810 | D28: 27 | E28: More than 30 days | F28: Ground up Construction | G28: 0 | H28: 2200000 | I28: 109000 | J28: 0 | K28: 0 | L28: Homeowner | M28: 48613 | N28: 9 Terrace Park | P28: Garden City | Q28: NY | R28: 11530 | S28: Nassau | T28: 1 Mile - 5 Miles | U28: 0 | V28: 535-C | W28: NULL | X28: Inland | Y28: 25000 | Z28: 2 | AA28: N/A | AB28: N/A | AC28: 788 | AD28: Frame | AE28: 3 | AF28: PRP - B/C/X | AG28: 0 | AH28: 0 | AI28: 0 | AJ28: 1953 | AK28: NULL | AL28: NULL | AM28: N/A | AN28: 0 | AO28: 5 - 9 Years | AP28: =AI28 -> 0 | AQ28: 1 | AR28: Not Waived | AS28: No | AT28: No | AU28: No | AV28: Yes | AW28: Yes | AX28: None | AY28: No | AZ28: 3013 | BA28: NULL | BB28: NULL | BC28: 7590.2003 | BD28: 2776.79 | BE28: 0 | BF28: 0 | BG28: 150 | BH28: 0 | BI28: 3033 | BJ28: 13550 | BK28: 250 | BL28: 13800 | BM28: =IF(ROUND((6*RAND()),0)=0,1,(ROUND((6*RAND()),0))) -> 3 | BN28: 50000 | BO28: 20000 | BP28: 200000 | BQ28: 100000 | BR28: 100000 | BS28: 1000000 | BT28: 0 | BU28: 0 | BV28: 0 | BW28: 0 | BX28: 1 | BY28: 0 | BZ28: Unknown | CA28: Unknown | CB28: Gable
A29: 27 | B29: HS2407555 | C29: 44769 | D29: 21 | E29: More than 30 days | F29: Ground up Construction | G29: 0 | H29: 1800000 | I29: 3921000 | J29: 0 | K29: 0 | L29: Homeowner | M29: 106951 | N29: 2984 Appaloosa Trail | P29: Wellington | Q29: FL | R29: 33414 | S29: Palm Beach | T29: > 5 miles | U29: 0 | V29: 4-E | W29: NULL | X29: Inland | Y29: 50000 | Z29: 10 | AA29: N/A | AB29: N/A | AC29: 728 | AD29: Masonry | AE29: 2 | AF29: PRP - B/C/X | AG29: 0 | AH29: 0 | AI29: 0 | AJ29: 1995 | AK29: NULL | AL29: NULL | AM29: N/A | AN29: 1 | AO29: 5 - 9 Years | AP29: =AI29 -> 0 | AQ29: 0 | AR29: Waived | AS29: No | AT29: Yes | AU29: No | AV29: Yes | AW29: No | AX29: Unknown | AY29: No | AZ29: 3639 | BA29: NULL | BB29: NULL | BC29: 13334.635 | BD29: 35900.45 | BE29: 0 | BF29: 0 | BG29: 0 | BH29: 0 | BI29: 45163 | BJ29: 94398 | BK29: 400 | BL29: 94798 | BM29: =IF(ROUND((6*RAND()),0)=0,1,(ROUND((6*RAND()),0))) -> 1 | BN29: 100000 | BO29: 50000 | BP29: 50000 | BQ29: 25000 | BR29: 50000 | BS29: 2000000 | BT29: 0 | BU29: 0 | BV29: 0 | BW29: 0 | BX29: 1 | BY29: 0 | BZ29: Concrete / Clay Tiles | CA29: Unknown | CB29: Hip
A30: 28 | B30: HS2335517 | C30: 44786 | D30: 24 | E30: More than 30 days | F30: Ground up Construction | G30: 0 | H30: 19500000 | I30: 4500000 | J30: 0 | K30: 0 | L30: Homeowner | M30: 1015626 | N30: 1160 S Ocean Blvd | P30: Manalapan | Q30: FL | R30: 33462 | S30: Palm Beach | T30: Barrier Island | U30: 1 | V30: 4-Z | W30: NULL | X30: Coastal | Y30: 100000 | Z30: 10 | AA30: N/A | AB30: N/A | AC30: 869 | AD30: Masonry | AE30: 2 | AF30: V1-V30/VE | AG30: 0 | AH30: 0 | AI30: 0 | AJ30: 1995 | AK30: NULL | AL30: NULL | AM30: N/A | AN30: 1 | AO30: 0 - 5 Years | AP30: =AI30 -> 0 | AQ30: 0 | AR30: Waived | AS30: No | AT30: Yes | AU30: No | AV30: Yes | AW30: Yes | AX30: Impact Glass Rated For Large Missiles | AY30: Yes | AZ30: 14814 | BA30: NULL | BB30: NULL | BC30: 44103.984 | BD30: 78298.85 | BE30: 0 | BF30: 0 | BG30: 300 | BH30: 0 | BI30: 231681 | BJ30: 354384 | BK30: 0 | BL30: 354384 | BM30: =IF(ROUND((6*RAND()),0)=0,1,(ROUND((6*RAND()),0))) -> 3 | BN30: 1000000 | BO30: 25000 | BP30: 100000 | BQ30: 100000 | BR30: 2000000 | BS30: 250000 | BT30: 0 | BU30: 0 | BV30: 0 | BW30: 0 | BX30: 1 | BY30: 0 | BZ30: Concrete / Clay Tiles | CA30: 8d @ 6"/6" | CB30: Hip
A31: 29 | B31: HS2432906 | C31: 44897 | D31: 36 | E31: More than 30 days | F31: Ground up Construction | G31: 0 | H31: 2100000 | I31: 180000 | J31: 0 | K31: 0 | L31: Homeowner | M31: 1686602 | N31: 1314 Alta Vista Avenue | P31: Austin | Q31: TX | R31: 78704 | S31: Travis | T31: Inland | U31: 0 | V31: 1000 | W31: Not Applicable | X31: Inland | Y31: 10000 | Z31: NULL | AA31: 0 | AB31: N/A | AC31: 844 | AD31: Frame | AE31: 1 | AF31: PRP - B/C/X | AG31: 0 | AH31: 0 | AI31: 0 | AJ31: 1954 | AK31: 2014 | AL31: 2007 | AM31: N/A | AN31: 0 | AO31: 0 - 5 Years | AP31: =AI31 -> 0 | AQ31: 1 | AR31: Not Waived | AS31: No | AT31: No | AU31: Yes | AV31: Yes | AW31: Yes | AX31: Unknown | AY31: No | AZ31: 4519 | BA31: NULL | BB31: NULL | BC31: 7693.0644 | BD31: 3984.42 | BE31: 0 | BF31: 0 | BG31: 150 | BH31: 0 | BI31: 3772 | BJ31: 15599 | BK31: 0 | BL31: 15599 | BM31: =IF(ROUND((6*RAND()),0)=0,1,(ROUND((6*RAND()),0))) -> 4 | BN31: 2000000 | BO31: 2000000 | BP31: 50000 | BQ31: 100000 | BR31: 500000 | BS31: 1000000 | BT31: 0 | BU31: 0 | BV31: 0 | BW31: 0 | BX31: 0 | BY31: 0 | BZ31: Normal Shingle | CA31: Unknown | CB31: Hip
A32: 30 | B32: HS2344761 | C32: 44835 | D32: 30 | E32: More than 30 days | F32: Ground up Construction | G32: 1 | H32: 0 | I32: 0 | J32: 1250000 | K32: 0 | L32: Condo/Co-op | M32: 1535737 | N32: 78 Seaview | P32: Santa Barbara | Q32: CA | R32: 93108 | S32: Santa Barbara | T32: 501 ft - 2500 ft | U32: 0 | V32: 1 | W32: Montecito | X32: Inland | Y32: 5000 | Z32: NULL | AA32: N/A | AB32: N/A | AC32: NULL | AD32: Frame | AE32: 3 | AF32: PRP - B/C/X | AG32: 0 | AH32: 0 | AI32: 0 | AJ32: 1974 | AK32: NULL | AL32: NULL | AM32: N/A | AN32: 0 | AO32: 0 - 5 Years | AP32: =AI32 -> 0 | AQ32: 1 | AR32: Not Waived | AS32: No | AT32: No | AU32: Yes | AV32: Yes | AW32: No | AX32: NULL | AY32: No | AZ32: 1994 | BA32: NULL | BB32: Low | BC32: 0 | BD32: 0 | BE32: 6354.04 | BF32: 3032.98 | BG32: 0 | BH32: 0 | BI32: 0 | BJ32: 9387.02 | BK32: 0 | BL32: 9387.02 | BM32: =IF(ROUND((6*RAND()),0)=0,1,(ROUND((6*RAND()),0))) -> 3 | BN32: 100000 | BO32: 500000 | BP32: 100000 | BQ32: 1000000 | BR32: 100000 | BS32: 500000 | BT32: 0 | BU32: 0 | BV32: 0 | BW32: 0 | BX32: 1 | BY32: 0 | BZ32: Concrete Tile / Clay Tile | CA32: NULL | CB32: Other
A33: 31 | B33: HS2389090 | C33: 44677 | D33: 12 | E33: More than 30 days | F33: Ground up Construction | G33: 1 | H33: 1600000 | I33: 0 | J33: 0 | K33: 0 | L33: Homeowner | M33: 1716890 | N33: 224 Tide Ave | P33: Tavernier | Q33: FL | R33: 33070 | S33: Monroe | T33: Barrier Island | U33: 1 | V33: 1-Z | W33: NULL | X33: Coastal | Y33: 25000 | Z33: 5 | AA33: N/A | AB33: N/A | AC33: 873 | AD33: Reinforced Poured Concrete | AE33: 2 | AF33: AE/A1-A30/A Unnumbered | AG33: 0 | AH33: 0 | AI33: 0 | AJ33: 2022 | AK33: NULL | AL33: NULL | AM33: N/A | AN33: 0 | AO33: >= 10 Years | AP33: =AI33 -> 0 | AQ33: 0 | AR33: Waived | AS33: No | AT33: Yes | AU33: Yes | AV33: Yes | AW33: No | AX33: Impact Glass Rated For Large Missiles | AY33: Yes | AZ33: 3830 | BA33: NULL | BB33: NULL | BC33: 2247.2149 | BD33: 15594.46 | BE33: 0 | BF33: 0 | BG33: 0 | BH33: 0 | BI33: 15758 | BJ33: 33600 | BK33: 300 | BL33: 33900 | BM33: =IF(ROUND((6*RAND()),0)=0,1,(ROUND((6*RAND()),0))) -> 2 | BN33: 100000 | BO33: 100000 | BP33: 50000 | BQ33: 500000 | BR33: 250000 | BS33: 50000 | BT33: 0 | BU33: 0 | BV33: 0 | BW33: 0 | BX33: 1 | BY33: 0 | BZ33: Concrete / Clay Tiles | CA33: 8d @ 6"/6" | CB33: Hip
A34: 32 | B34: HS2437346 | C34: 44936 | D34: 3 | E34: More than 30 days | F34: Major Renovation/Remodel | G34: 0 | H34: 0 | I34: 0 | J34: 1500000 | K34: 0 | L34: Condo/Co-op | M34: 1963385 | N34: 130 Barrow St | O34: Unit 101 | P34: New York | Q34: NY | R34: 10014 | S34: New York | T34: 1 Mile - 5 Miles | U34: 0 | V34: 1014-C | W34: NULL | X34: Inland | Y34: 10000 | Z34: 1 | AA34: N/A | AB34: N/A | AC34: 722 | AD34: Fire Resistive | AE34: 1 | AF34: PRP - B/C/X | AG34: 0 | AH34: 0 | AI34: 0 | AJ34: 1920 | AK34: NULL | AL34: NULL | AM34: >= 76 Years | AN34: 1 | AO34: 0 - 5 Years | AP34: =AI34 -> 0 | AQ34: 1 | AR34: Not Waived | AS34: No | AT34: No | AU34: No | AV34: Yes | AW34: Yes | AX34: Unknown | AY34: No | AZ34: 1517 | BA34: NULL | BB34: NULL | BC34: 7791.3988 | BD34: 2074.82 | BE34: 0 | BF34: 0 | BG34: 150 | BH34: 0 | BI34: 0 | BJ34: 10016 | BK34: 0 | BL34: 10016 | BM34: =IF(ROUND((6*RAND()),0)=0,1,(ROUND((6*RAND()),0))) -> 1 | BN34: 250000 | BO34: 25000 | BP34: 50000 | BQ34: 1000000 | BR34: 250000 | BS34: 250000 | BT34: 0 | BU34: 0 | BV34: 0 | BW34: 0 | BX34: 1 | BY34: 0 | BZ34: Metal Sheathing With Concealed Fasteners | CA34: Unknown | CB34: Flat / Other
A35: 33 | B35: HS2443324 | C35: 44979 | D35: 6 | E35: More than 30 days | F35: Major Renovation/Remodel | G35: 0 | H35: 1154000 | I35: 65000 | J35: 0 | K35: 0 | L35: Homeowner | M35: 2018423 | N35: 54 Oyster Shores Rd | P35: East Hampton | Q35: NY | R35: 11937 | S35: Suffolk | T35: 1 Mile - 5 Miles | U35: 0 | V35: 78-C | W35: NULL | X35: Inland | Y35: 10000 | Z35: 2 | AA35: N/A | AB35: N/A | AC35: 764 | AD35: Frame | AE35: 3 | AF35: PRP - B/C/X | AG35: 0 | AH35: 0 | AI35: 0 | AJ35: 1981 | AK35: NULL | AL35: 2023 | AM35: 26 - 50 Years | AN35: 0 | AO35: 5 - 9 Years | AP35: =AI35 -> 0 | AQ35: 0 | AR35: Waived | AS35: Yes | AT35: No | AU35: No | AV35: Yes | AW35: Yes | AX35: Unknown | AY35: No | AZ35: 1776 | BA35: NULL | BB35: NULL | BC35: 4877.5466 | BD35: 6076.11 | BE35: 0 | BF35: 0 | BG35: 0 | BH35: 0 | BI35: 2455 | BJ35: 13409 | BK35: 0 | BL35: 13409 | BM35: =IF(ROUND((6*RAND()),0)=0,1,(ROUND((6*RAND()),0))) -> 0 | BN35: 250000 | BO35: 20000 | BP35: 50000 | BQ35: 50000 | BR35: 1000000 | BS35: 100000 | BT35: 0 | BU35: 0 | BV35: 0 | BW35: 0 | BX35: 1 | BY35: 0 | BZ35: Normal Shingle | CA35: Unknown | CB35: Unknown
A36: 34 | B36: HS2406552 | C36: 44762 | D36: 21 | E36: More than 30 days | F36: Ground up Construction | G36: 1 | H36: 2556345 | I36: 280000 | J36: 0 | K36: 0 | L36: Homeowner | M36: 1875744 | N36: 403 Old Stone Hwy | P36: East Hampton | Q36: NY | R36: 11937 | S36: Suffolk | T36: 1,001 Feet - 1 Mile | U36: 0 | V36: 78-B | W36: NULL | X36: Inland | Y36: 10000 | Z36: 2.0000039 | AA36: N/A | AB36: N/A | AC36: 764 | AD36: Frame | AE36: 8 | AF36: PRP - B/C/X | AG36: 0 | AH36: 0 | AI36: 0 | AJ36: 2022 | AK36: NULL | AL36: NULL | AM36: N/A | AN36: 0 | AO36: 0 - 5 Years | AP36: =AI36 -> 0 | AQ36: 1 | AR36: Not Waived | AS36: No | AT36: No | AU36: No | AV36: No | AW36: No | AX36: Unknown | AY36: No | AZ36: 4500 | BA36: NULL | BB36: NULL | BC36: 9449.4112 | BD36: 6794 | BE36: 0 | BF36: 0 | BG36: 0 | BH36: 0 | BI36: 2192.83 | BJ36: 18436 | BK36: 0 | BL36: 18436 | BM36: =IF(ROUND((6*RAND()),0)=0,1,(ROUND((6*RAND()),0))) -> 5 | BN36: 2000000 | BO36: 500000 | BP36: 100000 | BQ36: 100000 | BR36: 100000 | BS36: 100000 | BT36: 0 | BU36: 0 | BV36: 0 | BW36: 0 | BX36: 1 | BY36: 0 | BZ36: Normal Shingle | CA36: Unknown | CB36: Unknown
A37: 35 | B37: HS2388756 | C37: 44665 | D37: 12 | E37: More than 30 days | F37: Ground up Construction | G37: 0 | H37: 1250000 | I37: 59333 | J37: 0 | K37: 0 | L37: Homeowner | M37: 1812244 | N37: 33 Combahee Rd | P37: Hilton Head Island | Q37: SC | R37: 29928 | S37: Beaufort | T37: 1 Mile - 5 Miles | U37: 0 | V37: 60-E | W37: NULL | X37: Inland | Y37: 5000 | Z37: 5 | AA37: N/A | AB37: N/A | AC37: 797 | AD37: Frame | AE37: 2 | AF37: PRP - B/C/X | AG37: 0 | AH37: 0 | AI37: 0 | AJ37: 2021 | AK37: NULL | AL37: NULL | AM37: N/A | AN37: 1 | AO37: >= 10 Years | AP37: =AI37 -> 0 | AQ37: 0 | AR37: Waived | AS37: Yes | AT37: No | AU37: Yes | AV37: No | AW37: Yes | AX37: Impact Glass Rated For Large Missiles | AY37: Yes | AZ37: 3000 | BA37: NULL | BB37: NULL | BC37: 2290.4948 | BD37: 3733.52 | BE37: 0 | BF37: 0 | BG37: 150 | BH37: 0 | BI37: 3963 | BJ37: 10137 | BK37: 225 | BL37: 10362 | BM37: =IF(ROUND((6*RAND()),0)=0,1,(ROUND((6*RAND()),0))) -> 4 | BN37: 500000 | BO37: 25000 | BP37: 100000 | BQ37: 50000 | BR37: 500000 | BS37: 1000000 | BT37: 0 | BU37: 0 | BV37: 0 | BW37: 0 | BX37: 0 | BY37: 0 | BZ37: Rated Shingle for High Wind Speeds | CA37: 8d @ 6"/12" | CB37: Hip
A38: 36 | B38: HS2368346 | C38: 44930 | D38: 3 | E38: More than 30 days | F38: Major Renovation/Remodel | G38: 0 | H38: 650000 | I38: 6000 | J38: 0 | K38: 0 | L38: Homeowner | M38: 1832409 | N38: 174 Deepstep Rd | P38: Milledgeville | Q38: GA | R38: 31061 | S38: Baldwin | T38: Inland | U38: 0 | V38: 12 | W38: Not Applicable | X38: Inland | Y38: 10000 | Z38: NULL | AA38: 0 | AB38: N/A | AC38: 858 | AD38: Frame | AE38: 9 | AF38: PRP - B/C/X | AG38: 0 | AH38: 0 | AI38: 0 | AJ38: 2021 | AK38: NULL | AL38: NULL | AM38: 0 - 10 Years | AN38: 0 | AO38: 0 - 5 Years | AP38: =AI38 -> 0 | AQ38: 0 | AR38: Waived | AS38: Yes | AT38: No | AU38: Yes | AV38: Yes | AW38: Yes | AX38: Unknown | AY38: No | AZ38: 2749 | BA38: NULL | BB38: NULL | BC38: 2072.0825 | BD38: 1390.94 | BE38: 0 | BF38: 0 | BG38: 120 | BH38: 0 | BI38: 250 | BJ38: 3833 | BK38: 50 | BL38: 3883 | BM38: =IF(ROUND((6*RAND()),0)=0,1,(ROUND((6*RAND()),0))) -> 5 | BN38: 500000 | BO38: 50000 | BP38: 100000 | BQ38: 500000 | BR38: 2000000 | BS38: 1000000 | BT38: 0 | BU38: 0 | BV38: 0 | BW38: 0 | BX38: 1 | BY38: 0 | BZ38: Unknown | CA38: Unknown | CB38: Unknown
A39: 37 | B39: HS2197067 | C39: 44778 | D39: 24 | E39: More than 30 days | F39: Ground up Construction | G39: 1 | H39: 7992896 | I39: 399645 | J39: 0 | K39: 0 | L39: Homeowner | M39: 536832 | N39: 37 CHARLTON STREET | P39: NEW YORK | Q39: NY | R39: 10014 | S39: New York | T39: 1 Mile - 5 Miles | U39: 0 | V39: 1014-C | W39: NULL | X39: Inland | Y39: 50000 | Z39: 25 | AA39: N/A | AB39: N/A | AC39: 731 | AD39: Masonry | AE39: 1 | AF39: PRP - B/C/X | AG39: 0 | AH39: 0 | AI39: 0 | AJ39: 1827 | AK39: 1999 | AL39: 2021 | AM39: N/A | AN39: 0 | AO39: 0 - 5 Years | AP39: =AI39 -> 0 | AQ39: 1 | AR39: Not Waived | AS39: Yes | AT39: Yes | AU39: Yes | AV39: Yes | AW39: No | AX39: Unknown | AY39: No | AZ39: 4200 | BA39: NULL | BB39: NULL | BC39: 26840.899 | BD39: 2045.09 | BE39: 0 | BF39: 0 | BG39: 150 | BH39: 0 | BI39: 17973 | BJ39: 47009 | BK39: 0 | BL39: 47009 | BM39: =IF(ROUND((6*RAND()),0)=0,1,(ROUND((6*RAND()),0))) -> 5 | BN39: 100000 | BO39: 100000 | BP39: 100000 | BQ39: 25000 | BR39: 250000 | BS39: 50000 | BT39: 0 | BU39: 0 | BV39: 0 | BW39: 0 | BX39: 0 | BY39: 0 | BZ39: Unknown | CA39: Unknown | CB39: Unknown
A40: 38 | B40: HS2443266 | C40: 44974 | D40: 6 | E40: More than 30 days | F40: Major Renovation/Remodel | G40: 0 | H40: 7943757 | I40: 0 | J40: 0 | K40: 0 | L40: Homeowner | M40: 1942444 | N40: 3723 Knollwood Drive | P40: Houston | Q40: TX | R40: 77019 | S40: Harris | T40: > 5 Miles | U40: 0 | V40: 300-D | W40: Not Applicable | X40: Inland | Y40: 100000 | Z40: 1.9999982 | AA40: 0 | AB40: N/A | AC40: 724 | AD40: Frame | AE40: 1 | AF40: PRP - B/C/X | AG40: 0 | AH40: 0 | AI40: 0 | AJ40: 2022 | AK40: NULL | AL40: NULL | AM40: 0 - 10 Years | AN40: 0 | AO40: >= 10 Years | AP40: =AI40 -> 0 | AQ40: 1 | AR40: Not Waived | AS40: No | AT40: No | AU40: Yes | AV40: No | AW40: No | AX40: Unknown | AY40: No | AZ40: 10606 | BA40: NULL | BB40: NULL | BC40: 9502.1208 | BD40: 8266.17 | BE40: 0 | BF40: 0 | BG40: 150 | BH40: 0 | BI40: 19358 | BJ40: 37276 | BK40: 0 | BL40: 37276 | BM40: =IF(ROUND((6*RAND()),0)=0,1,(ROUND((6*RAND()),0))) -> 4 | BN40: 500000 | BO40: 100000 | BP40: 50000 | BQ40: 50000 | BR40: 2000000 | BS40: No Coverage | BT40: 0 | BU40: 0 | BV40: 0 | BW40: 0 | BX40: 1 | BY40: 0 | BZ40: Unknown | CA40: Unknown | CB40: Flat / Other
A41: 39 | B41: HS2406366 | C41: 44774 | D41: 24 | E41: Not at all | F41: Major Renovation/Remodel | G41: 0 | H41: 1500000 | I41: 285000 | J41: 300000 | K41: 150000 | L41: Homeowner | M41: 1219058 | N41: 221 Cottage Place | P41: Charlotte | Q41: NC | R41: 28207 | S41: Mecklenburg | T41: Inland | U41: 0 | V41: 870-G | W41: NULL | X41: Inland | Y41: 10000 | Z41: NULL | AA41: N/A | AB41: N/A | AC41: 654 | AD41: Frame | AE41: 1 | AF41: PRP - B/C/X | AG41: 0 | AH41: 0 | AI41: 0 | AJ41: 1992 | AK41: NULL | AL41: 2022 | AM41: 26 - 50 Years | AN41: 1 | AO41: 0 - 5 Years | AP41: =AI41 -> 0 | AQ41: 0 | AR41: Waived | AS41: Yes | AT41: Yes | AU41: No | AV41: Yes | AW41: Yes | AX41: Unknown | AY41: No | AZ41: 2877 | BA41: NULL | BB41: NULL | BC41: 4529.75 | BD41: 3068.53 | BE41: 0 | BF41: 0 | BG41: 150 | BH41: 0 | BI41: -372 | BJ41: 7376 | BK41: 0 | BL41: 7376 | BM41: =IF(ROUND((6*RAND()),0)=0,1,(ROUND((6*RAND()),0))) -> 1 | BN41: No Coverage | BO41: 100000 | BP41: 100000 | BQ41: 100000 | BR41: 250000 | BS41: 250000 | BT41: 0 | BU41: 0 | BV41: 1 | BW41: 0 | BX41: 0 | BY41: 0 | BZ41: Wood Shake | CA41: Unknown | CB41: Unknown
A42: 40 | B42: HS2428749 | C42: 44879 | D42: 33 | E42: More than 30 days | F42: Ground up Construction | G42: 1 | H42: 0 | I42: 0 | J42: 3000000 | K42: 0 | L42: Condo/Co-op | M42: 1828508 | N42: 733 Park Avenue, Unit 14 | P42: New York | Q42: NY | R42: 10021 | S42: New York | T42: 1 Mile - 5 Miles | U42: 0 | V42: 1021-C | W42: NULL | X42: Inland | Y42: 25000 | Z42: 10 | AA42: N/A | AB42: N/A | AC42: 825 | AD42: Fire Resistive | AE42: 1 | AF42: PRP - B/C/X | AG42: 0 | AH42: 0 | AI42: 0 | AJ42: 1976 | AK42: 2010 | AL42: NULL | AM42: N/A | AN42: 0 | AO42: 0 - 5 Years | AP42: =AI42 -> 0 | AQ42: 0 | AR42: Waived | AS42: No | AT42: Yes | AU42: No | AV42: No | AW42: Yes | AX42: None | AY42: No | AZ42: 3500 | BA42: NULL | BB42: NULL | BC42: 8999.8618 | BD42: 1139.51 | BE42: 0 | BF42: 0 | BG42: 0 | BH42: 0 | BI42: 5461 | BJ42: 15600 | BK42: 300 | BL42: 15900 | BM42: =IF(ROUND((6*RAND()),0)=0,1,(ROUND((6*RAND()),0))) -> 4 | BN42: No Coverage | BO42: 25000 | BP42: 100000 | BQ42: 50000 | BR42: 500000 | BS42: 1000000 | BT42: 0 | BU42: 0 | BV42: 1 | BW42: 0 | BX42: 0 | BY42: 0 | BZ42: Concrete / Clay Tiles | CA42: Unknown | CB42: Flat / Other
A43: 41 | B43: HS2368281 | C43: 44932 | D43: 3 | E43: More than 30 days | F43: Major Renovation/Remodel | G43: 0 | H43: 1589916 | I43: 410830 | J43: 0 | K43: 0 | L43: Homeowner | M43: 1708734 | N43: 9007 Wonderland Park Avenue | P43: Los Angeles | Q43: CA | R43: 90046 | S43: Los Angeles | T43: > 5 miles | U43: 0 | V43: 41 | W43: West Hollywood | X43: Inland | Y43: 10000 | Z43: NULL | AA43: N/A | AB43: N/A | AC43: NULL | AD43: Frame | AE43: 1 | AF43: PRP - B/C/X | AG43: 0 | AH43: 0 | AI43: 0 | AJ43: 1955 | AK43: 2021 | AL43: 2001 | AM43: 0 - 10 Years | AN43: 0 | AO43: 0 - 5 Years | AP43: =AI43 -> 0 | AQ43: 0 | AR43: Waived | AS43: No | AT43: No | AU43: No | AV43: Yes | AW43: Yes | AX43: NULL | AY43: No | AZ43: 1901 | BA43: -4 | BB43: Extreme | BC43: 0 | BD43: 0 | BE43: 3302.61 | BF43: 17158.51 | BG43: 150 | BH43: 0 | BI43: 4452.33 | BJ43: 25063.45 | BK43: 0 | BL43: 25063.45 | BM43: =IF(ROUND((6*RAND()),0)=0,1,(ROUND((6*RAND()),0))) -> 2 | BN43: 1000000 | BO43: 1000000 | BP43: 50000 | BQ43: 50000 | BR43: 1000000 | BS43: 100000 | BT43: 0 | BU43: 0 | BV43: 0 | BW43: 0 | BX43: 1 | BY43: 0 | BZ43: Asphalt Shingle | CA43: NULL | CB43: Other
A44: 42 | B44: HS2437313 | C44: 44929 | D44: 3 | E44: More than 30 days | F44: Major Renovation/Remodel | G44: 0 | H44: 6000000 | I44: 0 | J44: 0 | K44: 0 | L44: Homeowner | M44: 2025796 | N44: 136 Redtail Pass | P44: Amenia | Q44: NY | R44: 12501 | S44: Dutchess | T44: Inland | U44: 0 | V44: 5200-G | W44: NULL | X44: Inland | Y44: 10000 | Z44: NULL | AA44: N/A | AB44: N/A | AC44: 712 | AD44: Frame | AE44: 5 | AF44: PRP - B/C/X | AG44: 0 | AH44: 0 | AI44: 0 | AJ44: 2022 | AK44: NULL | AL44: NULL | AM44: 0 - 10 Years | AN44: 1 | AO44: 0 - 5 Years | AP44: =AI44 -> 0 | AQ44: 0 | AR44: Waived | AS44: Yes | AT44: Yes | AU44: Yes | AV44: Yes | AW44: No | AX44: None | AY44: No | AZ44: 5800 | BA44: NULL | BB44: NULL | BC44: 8424.4058 | BD44: 1304.75 | BE44: 0 | BF44: 0 | BG44: 150 | BH44: 0 | BI44: 14555 | BJ44: 24434 | BK44: 0 | BL44: 24434 | BM44: =IF(ROUND((6*RAND()),0)=0,1,(ROUND((6*RAND()),0))) -> 1 | BN44: 50000 | BO44: 2000000 | BP44: 50000 | BQ44: 500000 | BR44: 50000 | BS44: 500000 | BT44: 0 | BU44: 0 | BV44: 0 | BW44: 0 | BX44: 0 | BY44: 0 | BZ44: Normal Shingle | CA44: Unknown | CB44: Unknown
A45: 43 | B45: HS2422630 | C45: 44851 | D45: 30 | E45: 30 days or less | F45: Major Renovation/Remodel | G45: 0 | H45: 1800000 | I45: 0 | J45: 500000 | K45: 0 | L45: Homeowner | M45: 23527 | N45: 1200 Lawrence Pkwy | P45: Saint Gabriel | Q45: LA | R45: 70776 | S45: Iberville | T45: > 5 Miles | U45: 0 | V45: 200-D | W45: Not Applicable | X45: Inland | Y45: 25000 | Z45: 5 | AA45: 0 | AB45: N/A | AC45: 707 | AD45: Brick - Veneer | AE45: 5 | AF45: PRP - B/C/X | AG45: 0 | AH45: 1 | AI45: 1 | AJ45: 1983 | AK45: 1998 | AL45: 2022 | AM45: 11 - 25 Years | AN45: 1 | AO45: 5 - 9 Years | AP45: =AI45 -> 1 | AQ45: 1 | AR45: Not Waived | AS45: No | AT45: Yes | AU45: Yes | AV45: No | AW45: No | AX45: None | AY45: No | AZ45: 5709 | BA45: NULL | BB45: NULL | BC45: 4451.1242 | BD45: 6858.64 | BE45: 0 | BF45: 0 | BG45: 150 | BH45: 0 | BI45: 9240 | BJ45: 20700 | BK45: 0 | BL45: 20700 | BM45: =IF(ROUND((6*RAND()),0)=0,1,(ROUND((6*RAND()),0))) -> 1 | BN45: No Coverage | BO45: 50000 | BP45: 200000 | BQ45: 50000 | BR45: 250000 | BS45: 50000 | BT45: 0 | BU45: 0 | BV45: 1 | BW45: 0 | BX45: 0 | BY45: 0 | BZ45: Wood Shake | CA45: Unknown | CB45: Gable
A46: 44 | B46: HS2340702 | C46: 44819 | D46: 27 | E46: More than 30 days | F46: Ground up Construction | G46: 0 | H46: 3000000 | I46: 320000 | J46: 0 | K46: 0 | L46: Homeowner | M46: 1765863 | N46: 22 Rock Vista Way | P46: Arden | Q46: NC | R46: 28704 | S46: Buncombe | T46: Inland | U46: 0 | V46: 470-G | W46: NULL | X46: Inland | Y46: 10000 | Z46: NULL | AA46: N/A | AB46: N/A | AC46: 647 | AD46: Frame | AE46: 3 | AF46: PRP - B/C/X | AG46: 0 | AH46: 0 | AI46: 0 | AJ46: 2012 | AK46: NULL | AL46: NULL | AM46: N/A | AN46: 0 | AO46: 5 - 9 Years | AP46: =AI46 -> 0 | AQ46: 1 | AR46: Not Waived | AS46: No | AT46: Yes | AU46: No | AV46: No | AW46: Yes | AX46: Unknown | AY46: No | AZ46: 6149 | BA46: NULL | BB46: NULL | BC46: 6774.4165 | BD46: 3039.18 | BE46: 0 | BF46: 0 | BG46: 150 | BH46: 0 | BI46: 5972.4 | BJ46: 15936 | BK46: 100 | BL46: 16036 | BM46: =IF(ROUND((6*RAND()),0)=0,1,(ROUND((6*RAND()),0))) -> 4 | BN46: 250000 | BO46: 2000000 | BP46: 100000 | BQ46: 250000 | BR46: 250000 | BS46: 1000000 | BT46: 0 | BU46: 0 | BV46: 0 | BW46: 0 | BX46: 1 | BY46: 0 | BZ46: Normal Shingle | CA46: Unknown | CB46: Gable
A47: 45 | B47: HS2408064 | C47: 44771 | D47: 21 | E47: More than 30 days | F47: Ground up Construction | G47: 0 | H47: 0 | I47: 0 | J47: 3500000 | K47: 0 | L47: Condo/Co-op | M47: 1740470 | N47: 390 West End Avenue | O47: #11J | P47: New York | Q47: NY | R47: 10024 | S47: New York | T47: > 5 Miles | U47: 0 | V47: 1024-D | W47: NULL | X47: Inland | Y47: 10000 | Z47: 2 | AA47: N/A | AB47: N/A | AC47: 788 | AD47: Fire Resistive | AE47: 1 | AF47: PRP - B/C/X | AG47: 0 | AH47: 0 | AI47: 0 | AJ47: 1908 | AK47: 2010 | AL47: NULL | AM47: N/A | AN47: 1 | AO47: 0 - 5 Years | AP47: =AI47 -> 0 | AQ47: 1 | AR47: Not Waived | AS47: No | AT47: No | AU47: No | AV47: No | AW47: Yes | AX47: Unknown | AY47: No | AZ47: 3069 | BA47: NULL | BB47: NULL | BC47: 11969.895 | BD47: 2642.99 | BE47: 0 | BF47: 0 | BG47: 150 | BH47: 0 | BI47: 3577 | BJ47: 18340 | BK47: 150 | BL47: 18490 | BM47: =IF(ROUND((6*RAND()),0)=0,1,(ROUND((6*RAND()),0))) -> 1 | BN47: 500000 | BO47: 20000 | BP47: 50000 | BQ47: 500000 | BR47: 1000000 | BS47: 1000000 | BT47: 0 | BU47: 0 | BV47: 0 | BW47: 0 | BX47: 0 | BY47: 0 | BZ47: Normal Shingle | CA47: Unknown | CB47: Flat / Other
A48: 46 | B48: HS2407931 | C48: 44774 | D48: 24 | E48: More than 30 days | F48: Ground up Construction | G48: 1 | H48: 3000000 | I48: 200000 | J48: 0 | K48: 0 | L48: Homeowner | M48: 1950722 | N48: 15 Dawns Light | P48: Plymouth | Q48: MA | R48: 2360 | S48: Plymouth | T48: 1 Mile - 5 Miles | U48: 0 | V48: 345-C | W48: NULL | X48: Inland | Y48: 10000 | Z48: 2 | AA48: N/A | AB48: N/A | AC48: 792 | AD48: Frame | AE48: 3 | AF48: PRP - B/C/X | AG48: 0 | AH48: 0 | AI48: 0 | AJ48: 2022 | AK48: NULL | AL48: NULL | AM48: N/A | AN48: 0 | AO48: 0 - 5 Years | AP48: =AI48 -> 0 | AQ48: 0 | AR48: Waived | AS48: No | AT48: Yes | AU48: No | AV48: No | AW48: Yes | AX48: Unknown | AY48: No | AZ48: 7000 | BA48: NULL | BB48: NULL | BC48: 5335.337 | BD48: 2203.31 | BE48: 0 | BF48: 0 | BG48: 150 | BH48: 0 | BI48: 5431 | BJ48: 13120 | BK48: 1500 | BL48: 14620 | BM48: =IF(ROUND((6*RAND()),0)=0,1,(ROUND((6*RAND()),0))) -> 1 | BN48: 1000000 | BO48: 100000 | BP48: 100000 | BQ48: 2000000 | BR48: 50000 | BS48: 50000 | BT48: 0 | BU48: 0 | BV48: 0 | BW48: 0 | BX48: 1 | BY48: 0 | BZ48: Normal Shingle | CA48: Unknown | CB48: Unknown
A49: 47 | B49: HS2393851 | C49: 44700 | D49: 15 | E49: More than 30 days | F49: Ground up Construction | G49: 0 | H49: 8500000 | I49: 500000 | J49: 0 | K49: 0 | L49: Homeowner | M49: 1632375 | N49: 21 Fordune Drive | P49: Southampton | Q49: NY | R49: 11968 | S49: Suffolk | T49: 1,001 Feet - 1 Mile | U49: 0 | V49: 105-B | W49: NULL | X49: Inland | Y49: 50000 | Z49: 2 | AA49: N/A | AB49: N/A | AC49: 766 | AD49: Frame | AE49: 3 | AF49: PRP - B/C/X | AG49: 0 | AH49: 0 | AI49: 0 | AJ49: 2022 | AK49: NULL | AL49: NULL | AM49: N/A | AN49: 1 | AO49: 5 - 9 Years | AP49: =AI49 -> 0 | AQ49: 1 | AR49: Not Waived | AS49: No | AT49: No | AU49: No | AV49: Yes | AW49: Yes | AX49: Unknown | AY49: No | AZ49: 14000 | BA49: NULL | BB49: NULL | BC49: 16258.472 | BD49: 14298.6 | BE49: 0 | BF49: 0 | BG49: 150 | BH49: 0 | BI49: 30443 | BJ49: 61150 | BK49: 350 | BL49: 61500 | BM49: =IF(ROUND((6*RAND()),0)=0,1,(ROUND((6*RAND()),0))) -> 1 | BN49: No Coverage | BO49: 100000 | BP49: 100000 | BQ49: 250000 | BR49: 50000 | BS49: 50000 | BT49: 0 | BU49: 0 | BV49: 0 | BW49: 0 | BX49: 1 | BY49: 0 | BZ49: Rated Shingle for High Wind Speeds | CA49: Unknown | CB49: Flat / Other
A50: 48 | B50: HS2440407 | C50: 44958 | D50: 6 | E50: More than 30 days | F50: Major Renovation/Remodel | G50: 0 | H50: 2500000 | I50: 0 | J50: 0 | K50: 0 | L50: Homeowner | M50: 174777 | N50: 95 Sunset Lane | P50: Barnstable | Q50: MA | R50: 2630 | S50: Barnstable | T50: 1 Mile - 5 Miles | U50: 0 | V50: 218-C | W50: NULL | X50: Inland | Y50: 10000 | Z50: 2 | AA50: N/A | AB50: N/A | AC50: 718 | AD50: Frame | AE50: 3 | AF50: PRP - B/C/X | AG50: 0 | AH50: 0 | AI50: 0 | AJ50: 2022 | AK50: NULL | AL50: NULL | AM50: 0 - 10 Years | AN50: 1 | AO50: 5 - 9 Years | AP50: =AI50 -> 0 | AQ50: 0 | AR50: Waived | AS50: Yes | AT50: Yes | AU50: Yes | AV50: No | AW50: Yes | AX50: Unknown | AY50: No | AZ50: 3321 | BA50: NULL | BB50: NULL | BC50: 4001.5211 | BD50: 2725.59 | BE50: 0 | BF50: 0 | BG50: 0 | BH50: 0 | BI50: 5195 | BJ50: 11922 | BK50: 0 | BL50: 11922 | BM50: =IF(ROUND((6*RAND()),0)=0,1,(ROUND((6*RAND()),0))) -> 6 | BN50: 50000 | BO50: 250000 | BP50: 50000 | BQ50: 100000 | BR50: No Coverage | BS50: 50000 | BT50: 0 | BU50: 0 | BV50: 0 | BW50: 0 | BX50: 1 | BY50: 0 | BZ50: Normal Shingle | CA50: Unknown | CB50: Unknown
A51: 49 | B51: HS2213710 | C51: 44864 | D51: 30 | E51: More than 30 days | F51: Ground up Construction | G51: 1 | H51: 5500000 | I51: 1052000 | J51: 0 | K51: 0 | L51: Homeowner | M51: 1346711 | N51: 671 Old Post Rd | P51: Cotuit | Q51: MA | R51: 2635 | S51: Barnstable | T51: 1 Mile - 5 Miles | U51: 0 | V51: 223-C | W51: NULL | X51: Inland | Y51: 10000 | Z51: 2 | AA51: N/A | AB51: N/A | AC51: 1 | AD51: Frame | AE51: 4 | AF51: PRP - B/C/X | AG51: 0 | AH51: 0 | AI51: 0 | AJ51: 2021 | AK51: NULL | AL51: NULL | AM51: N/A | AN51: 0 | AO51: 5 - 9 Years | AP51: =AI51 -> 0 | AQ51: 1 | AR51: Not Waived | AS51: No | AT51: Yes | AU51: No | AV51: No | AW51: Yes | AX51: Unknown | AY51: No | AZ51: 7117 | BA51: NULL | BB51: NULL | BC51: 10461.695 | BD51: 4704.42 | BE51: 0 | BF51: 0 | BG51: 150 | BH51: 0 | BI51: 14168 | BJ51: 29484 | BK51: 0 | BL51: 29484 | BM51: =IF(ROUND((6*RAND()),0)=0,1,(ROUND((6*RAND()),0))) -> 1 | BN51: No Coverage | BO51: 100000 | BP51: Base | BQ51: 50000 | BR51: 500000 | BS51: No Coverage | BT51: 0 | BU51: 0 | BV51: 0 | BW51: 0 | BX51: 1 | BY51: 0 | BZ51: Rated Shingle for High Wind Speeds | CA51: Unknown | CB51: Gable
A52: 50 | B52: HS2288429 | C52: 44913 | D52: 36 | E52: More than 30 days | F52: Ground up Construction | G52: 0 | H52: 1400000 | I52: 280000 | J52: 50000 | K52: 0 | L52: Homeowner | M52: 216604 | N52: 13 Dune Walk | P52: Davis Park | Q52: NY | R52: 11772 | S52: Suffolk | T52: 0 - 1,000 Feet | U52: 1 | V52: 52-A | W52: NULL | X52: Coastal | Y52: 10000 | Z52: 2 | AA52: N/A | AB52: N/A | AC52: 845 | AD52: Frame | AE52: 3 | AF52: V1-V30/VE | AG52: 0 | AH52: 0 | AI52: 0 | AJ52: 2020 | AK52: NULL | AL52: NULL | AM52: N/A | AN52: 0 | AO52: 0 - 5 Years | AP52: =AI52 -> 0 | AQ52: 0 | AR52: Waived | AS52: No | AT52: No | AU52: No | AV52: No | AW52: Yes | AX52: Unknown | AY52: No | AZ52: 3300 | BA52: NULL | BB52: NULL | BC52: 5526.4508 | BD52: 8374.97 | BE52: 0 | BF52: 0 | BG52: 150 | BH52: 0 | BI52: -2460 | BJ52: 11591 | BK52: 0 | BL52: 11591 | BM52: =IF(ROUND((6*RAND()),0)=0,1,(ROUND((6*RAND()),0))) -> 3 | BN52: 250000 | BO52: 250000 | BP52: Base | BQ52: 50000 | BR52: 100000 | BS52: 50000 | BT52: 0 | BU52: 0 | BV52: 0 | BW52: 0 | BX52: 0 | BY52: 0 | BZ52: Rated Shingle for High Wind Speeds | CA52: 8d @ 6"/6" | CB52: Unknown
A53: 51 | B53: HS2439530 | C53: 44949 | D53: 3 | E53: More than 30 days | F53: Major Renovation/Remodel | G53: 0 | H53: 5207601 | I53: 339100 | J53: 0 | K53: 0 | L53: Homeowner | M53: 1528514 | N53: 35 Heron Drive | P53: Avalon | Q53: NJ | R53: 8202 | S53: Cape May | T53: 0 - 1,000 Feet | U53: 1 | V53: 301-A | W53: NULL | X53: Coastal | Y53: 25000 | Z53: 1.9999996 | AA53: N/A | AB53: N/A | AC53: 611 | AD53: Frame | AE53: 3 | AF53: AE/A1-A30/A Unnumbered | AG53: 0 | AH53: 0 | AI53: 0 | AJ53: 2022 | AK53: NULL | AL53: NULL | AM53: 0 - 10 Years | AN53: 1 | AO53: 5 - 9 Years | AP53: =AI53 -> 0 | AQ53: 1 | AR53: Not Waived | AS53: Yes | AT53: No | AU53: No | AV53: No | AW53: Yes | AX53: Unknown | AY53: No | AZ53: 7445 | BA53: NULL | BB53: NULL | BC53: 10478.851 | BD53: 7399.37 | BE53: 0 | BF53: 0 | BG53: 150 | BH53: 0 | BI53: 8320 | BJ53: 26348 | BK53: 0 | BL53: 26348 | BM53: =IF(ROUND((6*RAND()),0)=0,1,(ROUND((6*RAND()),0))) -> 0 | BN53: 500000 | BO53: 50000 | BP53: 200000 | BQ53: 500000 | BR53: 250000 | BS53: 1000000 | BT53: 0 | BU53: 0 | BV53: 0 | BW53: 0 | BX53: 1 | BY53: 0 | BZ53: Wood Shake | CA53: Unknown | CB53: Unknown
A54: 52 | B54: HS2382161 | C54: 44643 | D54: 9 | E54: More than 30 days | F54: Major Renovation/Remodel | G54: 0 | H54: 1750000 | I54: 0 | J54: 0 | K54: 0 | L54: Homeowner | M54: 1644011 | N54: 411 8th Avenue | P54: Belmar | Q54: NJ | R54: 7719 | S54: Monmouth | T54: 1,001 Feet - 1 Mile | U54: 0 | V54: 13-B | W54: NULL | X54: Inland | Y54: 10000 | Z54: 2 | AA54: N/A | AB54: N/A | AC54: 707 | AD54: Frame | AE54: 4 | AF54: PRP - B/C/X | AG54: 0 | AH54: 0 | AI54: 0 | AJ54: 2022 | AK54: NULL | AL54: NULL | AM54: 0 - 10 Years | AN54: 1 | AO54: 0 - 5 Years | AP54: =AI54 -> 0 | AQ54: 0 | AR54: Waived | AS54: Yes | AT54: No | AU54: No | AV54: No | AW54: No | AX54: Unknown | AY54: No | AZ54: 3500 | BA54: NULL | BB54: NULL | BC54: 3499.6748 | BD54: 1243.99 | BE54: 0 | BF54: 0 | BG54: 150 | BH54: 0 | BI54: 2106 | BJ54: 7000 | BK54: 150 | BL54: 7150 | BM54: =IF(ROUND((6*RAND()),0)=0,1,(ROUND((6*RAND()),0))) -> 4 | BN54: No Coverage | BO54: 2000000 | BP54: 200000 | BQ54: 25000 | BR54: 2000000 | BS54: 1000000 | BT54: 0 | BU54: 0 | BV54: 0 | BW54: 0 | BX54: 1 | BY54: 0 | BZ54: Normal Shingle | CA54: Unknown | CB54: Unknown
A55: 53 | B55: HS2357799 | C55: 44883 | D55: 33 | E55: More than 30 days | F55: Ground up Construction | G55: 1 | H55: 5250000 | I55: 0 | J55: 0 | K55: 0 | L55: Homeowner | M55: 705642 | N55: 114 Clyde St | P55: Brookline | Q55: MA | R55: 2467 | S55: Middlesex | T55: > 5 Miles | U55: 0 | V55: 903-D | W55: NULL | X55: Inland | Y55: 10000 | Z55: 2 | AA55: N/A | AB55: N/A | AC55: 654 | AD55: Frame | AE55: 1 | AF55: PRP - B/C/X | AG55: 0 | AH55: 0 | AI55: 0 | AJ55: 2021 | AK55: NULL | AL55: NULL | AM55: N/A | AN55: 0 | AO55: 0 - 5 Years | AP55: =AI55 -> 0 | AQ55: 0 | AR55: Waived | AS55: Yes | AT55: Yes | AU55: No | AV55: Yes | AW55: Yes | AX55: Unknown | AY55: No | AZ55: 8500 | BA55: NULL | BB55: NULL | BC55: 8802.0374 | BD55: 1916.17 | BE55: 0 | BF55: 0 | BG55: 150 | BH55: 0 | BI55: 12057 | BJ55: 22925 | BK55: 0 | BL55: 22925 | BM55: =IF(ROUND((6*RAND()),0)=0,1,(ROUND((6*RAND()),0))) -> 1 | BN55: 500000 | BO55: 500000 | BP55: 50000 | BQ55: 250000 | BR55: 250000 | BS55: 100000 | BT55: 0 | BU55: 0 | BV55: 0 | BW55: 0 | BX55: 1 | BY55: 0 | BZ55: Normal Shingle | CA55: Unknown | CB55: Unknown
A56: 54 | B56: HS2432300 | C56: 44900 | D56: 36 | E56: More than 30 days | F56: Ground up Construction | G56: 0 | H56: 5100000 | I56: 260000 | J56: 250000 | K56: 0 | L56: Homeowner | M56: 257080 | N56: 17 Painted Bunting Rd | P56: Hilton Head Island | Q56: SC | R56: 29928 | S56: Beaufort | T56: 0 - 2,500 Feet | U56: 1 | V56: 60-B | W56: NULL | X56: Coastal | Y56: 10000 | Z56: 5 | AA56: N/A | AB56: N/A | AC56: 800 | AD56: Frame | AE56: 2 | AF56: PRP - B/C/X | AG56: 0 | AH56: 1 | AI56: 1 | AJ56: 1993 | AK56: NULL | AL56: 2019 | AM56: N/A | AN56: 0 | AO56: 0 - 5 Years | AP56: =AI56 -> 1 | AQ56: 0 | AR56: Waived | AS56: No | AT56: Yes | AU56: No | AV56: No | AW56: Yes | AX56: Unknown | AY56: No | AZ56: 6773 | BA56: NULL | BB56: NULL | BC56: 10510.952 | BD56: 20087.99 | BE56: 0 | BF56: 0 | BG56: 150 | BH56: 0 | BI56: 22421 | BJ56: 53170 | BK56: 200 | BL56: 53370 | BM56: =IF(ROUND((6*RAND()),0)=0,1,(ROUND((6*RAND()),0))) -> 5 | BN56: 250000 | BO56: 50000 | BP56: 200000 | BQ56: 50000 | BR56: 2000000 | BS56: 1000000 | BT56: 0 | BU56: 0 | BV56: 0 | BW56: 0 | BX56: 0 | BY56: 0 | BZ56: Metal Sheathing With Concealed Fasteners | CA56: Unknown | CB56: Gable
A57: 55 | B57: HS2428957 | C57: 44867 | D57: 33 | E57: More than 30 days | F57: Ground up Construction | G57: 1 | H57: 2300000 | I57: 500000 | J57: 0 | K57: 0 | L57: Homeowner | M57: 1862225 | N57: 701 Shady Lake Lane | P57: Indian River Shores | Q57: FL | R57: 32963 | S57: Indian River | T57: Barrier Island | U57: 0 | V57: 7-Z | W57: NULL | X57: Inland | Y57: 10000 | Z57: 10 | AA57: N/A | AB57: N/A | AC57: 838 | AD57: Masonry | AE57: 4 | AF57: PRP - B/C/X | AG57: 0 | AH57: 0 | AI57: 0 | AJ57: 1980 | AK57: 2022 | AL57: 2022 | AM57: N/A | AN57: 1 | AO57: 0 - 5 Years | AP57: =AI57 -> 0 | AQ57: 1 | AR57: Not Waived | AS57: No | AT57: No | AU57: Yes | AV57: No | AW57: Yes | AX57: Impact Glass Rated For Large Missiles | AY57: Yes | AZ57: 3500 | BA57: NULL | BB57: NULL | BC57: 5838.1866 | BD57: 12080.75 | BE57: 0 | BF57: 0 | BG57: 0 | BH57: 0 | BI57: 15776 | BJ57: 33695 | BK57: 100 | BL57: 33795 | BM57: =IF(ROUND((6*RAND()),0)=0,1,(ROUND((6*RAND()),0))) -> 1 | BN57: 250000 | BO57: 100000 | BP57: 100000 | BQ57: 100000 | BR57: 50000 | BS57: 50000 | BT57: 0 | BU57: 0 | BV57: 0 | BW57: 0 | BX57: 1 | BY57: 0 | BZ57: Concrete / Clay Tiles | CA57: 8d @ 6"/6" | CB57: Hip
A58: 56 | B58: HS2413161 | C58: 44795 | D58: 24 | E58: More than 30 days | F58: Ground up Construction | G58: 1 | H58: 3000000 | I58: 0 | J58: 500000 | K58: 0 | L58: Homeowner | M58: 268826 | N58: 3214 Ella Lee Ln | P58: Houston | Q58: TX | R58: 77019 | S58: Harris | T58: > 5 Miles | U58: 0 | V58: 300-D | W58: Not Applicable | X58: Inland | Y58: 10000 | Z58: 2 | AA58: 0 | AB58: N/A | AC58: 882 | AD58: Brick - Veneer | AE58: 1 | AF58: PRP - B/C/X | AG58: 0 | AH58: 0 | AI58: 0 | AJ58: 2003 | AK58: NULL | AL58: NULL | AM58: N/A | AN58: 0 | AO58: 0 - 5 Years | AP58: =AI58 -> 0 | AQ58: 1 | AR58: Not Waived | AS58: No | AT58: Yes | AU58: No | AV58: No | AW58: No | AX58: Unknown | AY58: No | AZ58: 5449 | BA58: NULL | BB58: NULL | BC58: 6803.114 | BD58: 5447.64 | BE58: 0 | BF58: 0 | BG58: 150 | BH58: 0 | BI58: 19099 | BJ58: 31500 | BK58: 150 | BL58: 31650 | BM58: =IF(ROUND((6*RAND()),0)=0,1,(ROUND((6*RAND()),0))) -> 4 | BN58: 100000 | BO58: 500000 | BP58: 50000 | BQ58: 50000 | BR58: 250000 | BS58: No Coverage | BT58: 0 | BU58: 0 | BV58: 0 | BW58: 0 | BX58: 0 | BY58: 0 | BZ58: Normal Shingle | CA58: Unknown | CB58: Gable
A59: 57 | B59: HS2416944 | C59: 44816 | D59: 27 | E59: More than 30 days | F59: Ground up Construction | G59: 1 | H59: 1764000 | I59: 105000 | J59: 0 | K59: 0 | L59: Homeowner | M59: 273715 | N59: 87 Cooke Street | P59: edgartown | Q59: MA | R59: 2539 | S59: Dukes | T59: 1 Mile - 5 Miles | U59: 0 | V59: 102-C | W59: NULL | X59: Inland | Y59: 10000 | Z59: 2 | AA59: N/A | AB59: N/A | AC59: 711 | AD59: Frame | AE59: 4 | AF59: PRP - B/C/X | AG59: 0 | AH59: 0 | AI59: 0 | AJ59: 2013 | AK59: NULL | AL59: NULL | AM59: N/A | AN59: 0 | AO59: 5 - 9 Years | AP59: =AI59 -> 0 | AQ59: 0 | AR59: Waived | AS59: Yes | AT59: Yes | AU59: No | AV59: Yes | AW59: No | AX59: Unknown | AY59: No | AZ59: 2580 | BA59: NULL | BB59: NULL | BC59: 4180.0947 | BD59: 4229.68 | BE59: 0 | BF59: 0 | BG59: 150 | BH59: 0 | BI59: 1700 | BJ59: 10260 | BK59: 700 | BL59: 10960 | BM59: =IF(ROUND((6*RAND()),0)=0,1,(ROUND((6*RAND()),0))) -> 3 | BN59: 2000000 | BO59: 50000 | BP59: 50000 | BQ59: 100000 | BR59: 1000000 | BS59: 2000000 | BT59: 0 | BU59: 0 | BV59: 0 | BW59: 0 | BX59: 1 | BY59: 0 | BZ59: Normal Shingle | CA59: Unknown | CB59: Unknown
A60: 58 | B60: HS2440381 | C60: 44958 | D60: 6 | E60: More than 30 days | F60: Major Renovation/Remodel | G60: 0 | H60: 6100000 | I60: 50000 | J60: 0 | K60: 0 | L60: Homeowner | M60: 1972183 | N60: 22 Highland Street | P60: Cambridge | Q60: MA | R60: 2138 | S60: Middlesex | T60: > 5 Miles | U60: 0 | V60: 870-D | W60: NULL | X60: Inland | Y60: 25000 | Z60: 2 | AA60: N/A | AB60: N/A | AC60: 797 | AD60: Frame | AE60: 1 | AF60: PRP - B/C/X | AG60: 0 | AH60: 0 | AI60: 0 | AJ60: 1912 | AK60: 2022 | AL60: 2022 | AM60: 0 - 10 Years | AN60: 1 | AO60: 0 - 5 Years | AP60: =AI60 -> 0 | AQ60: 1 | AR60: Not Waived | AS60: No | AT60: Yes | AU60: Yes | AV60: No | AW60: No | AX60: Unknown | AY60: No | AZ60: 5401 | BA60: NULL | BB60: NULL | BC60: 8624.9564 | BD60: 4769.52 | BE60: 0 | BF60: 0 | BG60: 150 | BH60: 0 | BI60: 18989 | BJ60: 32533 | BK60: 0 | BL60: 32533 | BM60: =IF(ROUND((6*RAND()),0)=0,1,(ROUND((6*RAND()),0))) -> 5 | BN60: 2000000 | BO60: 1000000 | BP60: 50000 | BQ60: 50000 | BR60: 500000 | BS60: 1000000 | BT60: 0 | BU60: 0 | BV60: 0 | BW60: 0 | BX60: 1 | BY60: 0 | BZ60: Normal Shingle | CA60: Unknown | CB60: Hip
A61: 59 | B61: HS2378116 | C61: 44982 | D61: 6 | E61: More than 30 days | F61: Major Renovation/Remodel | G61: 0 | H61: 0 | I61: 0 | J61: 1000000 | K61: 0 | L61: Condo/Co-op | M61: 1843071 | N61: 301 S Gulfview Blvd Unit 503 | P61: Clearwater | Q61: FL | R61: 33767 | S61: Pinellas | T61: Barrier Island | U61: 1 | V61: 19-Z | W61: NULL | X61: Coastal | Y61: 10000 | Z61: 5 | AA61: N/A | AB61: N/A | AC61: 906 | AD61: Reinforced Poured Concrete | AE61: 1 | AF61: AE/A1-A30/A Unnumbered | AG61: 0 | AH61: 0 | AI61: 0 | AJ61: 2010 | AK61: NULL | AL61: NULL | AM61: 11 - 25 Years | AN61: 0 | AO61: 0 - 5 Years | AP61: =AI61 -> 0 | AQ61: 1 | AR61: Not Waived | AS61: No | AT61: No | AU61: No | AV61: No | AW61: Yes | AX61: Impact Glass Rated For Large Missiles | AY61: Yes | AZ61: 1788 | BA61: NULL | BB61: NULL | BC61: 1959.1554 | BD61: 4836.39 | BE61: 0 | BF61: 0 | BG61: 300 | BH61: 0 | BI61: 4504 | BJ61: 11600 | BK61: 150 | BL61: 11750 | BM61: =IF(ROUND((6*RAND()),0)=0,1,(ROUND((6*RAND()),0))) -> 5 | BN61: 2000000 | BO61: 25000 | BP61: Base | BQ61: 50000 | BR61: 50000 | BS61: 100000 | BT61: 0 | BU61: 0 | BV61: 0 | BW61: 0 | BX61: 0 | BY61: 0 | BZ61: Concrete / Clay Tiles | CA61: 8d @ 6"/6" | CB61: Flat / Other
A62: 60 | B62: HS2432573 | C62: 44887 | D62: 33 | E62: More than 30 days | F62: Ground up Construction | G62: 0 | H62: 2500000 | I62: 450000 | J62: 0 | K62: 0 | L62: Homeowner | M62: 1468036 | N62: 22 PULPIT LN | P62: EDGARTOWN | Q62: MA | R62: 2539 | S62: Dukes | T62: 1,001 Feet - 1 Mile | U62: 0 | V62: 102-B | W62: NULL | X62: Inland | Y62: 10000 | Z62: 5 | AA62: N/A | AB62: N/A | AC62: 839 | AD62: Frame | AE62: 4 | AF62: PRP - B/C/X | AG62: 0 | AH62: 0 | AI62: 0 | AJ62: 1986 | AK62: 2003 | AL62: 2003 | AM62: N/A | AN62: 1 | AO62: 5 - 9 Years | AP62: =AI62 -> 0 | AQ62: 1 | AR62: Not Waived | AS62: Yes | AT62: Yes | AU62: No | AV62: Yes | AW62: Yes | AX62: None | AY62: No | AZ62: 2358 | BA62: NULL | BB62: NULL | BC62: 6616.0573 | BD62: 9002.96 | BE62: 0 | BF62: 0 | BG62: 150 | BH62: 0 | BI62: 8479 | BJ62: 24248 | BK62: 225 | BL62: 24473 | BM62: =IF(ROUND((6*RAND()),0)=0,1,(ROUND((6*RAND()),0))) -> 2 | BN62: No Coverage | BO62: 50000 | BP62: 200000 | BQ62: 100000 | BR62: 100000 | BS62: 2000000 | BT62: 0 | BU62: 0 | BV62: 0 | BW62: 0 | BX62: 1 | BY62: 0 | BZ62: Normal Shingle | CA62: Unknown | CB62: Hip
A63: 61 | B63: HS2407973 | C63: 44774 | D63: 24 | E63: More than 30 days | F63: Ground up Construction | G63: 0 | H63: 4200000 | I63: 700000 | J63: 1250000 | K63: 0 | L63: Homeowner | M63: 521722 | N63: 26 Donatello Court | P63: Greenville | Q63: SC | R63: 29609 | S63: Greenville | T63: Inland | U63: 0 | V63: 470-G | W63: NULL | X63: Inland | Y63: 10000 | Z63: NULL | AA63: N/A | AB63: N/A | AC63: 709 | AD63: Brick - Veneer | AE63: 1 | AF63: PRP - B/C/X | AG63: 0 | AH63: 0 | AI63: 0 | AJ63: 2008 | AK63: NULL | AL63: NULL | AM63: N/A | AN63: 0 | AO63: 0 - 5 Years | AP63: =AI63 -> 0 | AQ63: 1 | AR63: Not Waived | AS63: No | AT63: Yes | AU63: No | AV63: Yes | AW63: Yes | AX63: Unknown | AY63: No | AZ63: 10000 | BA63: NULL | BB63: NULL | BC63: 9848.9978 | BD63: 282.87 | BE63: 0 | BF63: 0 | BG63: 150 | BH63: 0 | BI63: 12472 | BJ63: 22754 | BK63: 250 | BL63: 23004 | BM63: =IF(ROUND((6*RAND()),0)=0,1,(ROUND((6*RAND()),0))) -> 3 | BN63: No Coverage | BO63: 500000 | BP63: 100000 | BQ63: 250000 | BR63: 500000 | BS63: 500000 | BT63: 0 | BU63: 0 | BV63: 0 | BW63: 0 | BX63: 0 | BY63: 0 | BZ63: Normal Shingle | CA63: Unknown | CB63: Gable
A64: 62 | B64: HS2443831 | C64: 44984 | D64: 6 | E64: More than 30 days | F64: Major Renovation/Remodel | G64: 0 | H64: 2000000 | I64: 0 | J64: 0 | K64: 0 | L64: Homeowner | M64: 2070153 | N64: 211 N Esplande | P64: Alpharetta | Q64: GA | R64: 30009 | S64: Fulton | T64: Inland | U64: 0 | V64: 17 | W64: Not Applicable | X64: Inland | Y64: 10000 | Z64: NULL | AA64: 0 | AB64: N/A | AC64: 741 | AD64: Brick - Veneer | AE64: 1 | AF64: PRP - B/C/X | AG64: 0 | AH64: 0 | AI64: 0 | AJ64: 2016 | AK64: NULL | AL64: NULL | AM64: 0 - 10 Years | AN64: 1 | AO64: 0 - 5 Years | AP64: =AI64 -> 0 | AQ64: 0 | AR64: Waived | AS64: No | AT64: Yes | AU64: No | AV64: No | AW64: No | AX64: None | AY64: No | AZ64: 4992 | BA64: NULL | BB64: NULL | BC64: 4426.5899 | BD64: 4669.71 | BE64: 0 | BF64: 0 | BG64: 150 | BH64: 0 | BI64: 2154 | BJ64: 11400 | BK64: 0 | BL64: 11400 | BM64: =IF(ROUND((6*RAND()),0)=0,1,(ROUND((6*RAND()),0))) -> 4 | BN64: 100000 | BO64: 50000 | BP64: 50000 | BQ64: 1000000 | BR64: 50000 | BS64: 250000 | BT64: 0 | BU64: 0 | BV64: 1 | BW64: 0 | BX64: 0 | BY64: 0 | BZ64: Normal Shingle | CA64: Unknown | CB64: Hip
A65: 63 | B65: HS2289392 | C65: 44927 | D65: 3 | E65: More than 30 days | F65: Major Renovation/Remodel | G65: 0 | H65: 0 | I65: 0 | J65: 2000000 | K65: 0 | L65: Condo/Co-op | M65: 1594889 | N65: 2 Charlton St | O65: PHD & PHC | P65: new york | Q65: NY | R65: 10014 | S65: New York | T65: 1 Mile - 5 Miles | U65: 0 | V65: 1014-C | W65: NULL | X65: Inland | Y65: 10000 | Z65: 1 | AA65: N/A | AB65: N/A | AC65: 928 | AD65: Fire Resistive | AE65: 1 | AF65: PRP - B/C/X | AG65: 0 | AH65: 0 | AI65: 0 | AJ65: 1966 | AK65: NULL | AL65: NULL | AM65: 51 - 75 Years | AN65: 1 | AO65: >= 10 Years | AP65: =AI65 -> 0 | AQ65: 0 | AR65: Waived | AS65: Yes | AT65: No | AU65: Yes | AV65: No | AW65: No | AX65: None | AY65: No | AZ65: 2000 | BA65: NULL | BB65: NULL | BC65: 9953.6721 | BD65: 1896.28 | BE65: 0 | BF65: 0 | BG65: 150 | BH65: 0 | BI65: 0 | BJ65: 12000 | BK65: 0 | BL65: 12000 | BM65: =IF(ROUND((6*RAND()),0)=0,1,(ROUND((6*RAND()),0))) -> 0 | BN65: 250000 | BO65: 500000 | BP65: 50000 | BQ65: 100000 | BR65: 250000 | BS65: 2000000 | BT65: 0 | BU65: 0 | BV65: 0 | BW65: 0 | BX65: 0 | BY65: 0 | BZ65: Normal Shingle | CA65: Unknown | CB65: Unknown
A66: 64 | B66: HS2357987 | C66: 44880 | D66: 33 | E66: More than 30 days | F66: Ground up Construction | G66: 1 | H66: 1700000 | I66: 0 | J66: 0 | K66: 0 | L66: Homeowner | M66: 1586672 | N66: 10 Lloyd Lane | P66: East Sandwich | Q66: MA | R66: 2537 | S66: Barnstable | T66: > 5 Miles | U66: 0 | V66: 204-D | W66: NULL | X66: Inland | Y66: 10000 | Z66: 2 | AA66: N/A | AB66: N/A | AC66: 818 | AD66: Frame | AE66: 8 | AF66: PRP - B/C/X | AG66: 0 | AH66: 0 | AI66: 0 | AJ66: 2021 | AK66: NULL | AL66: NULL | AM66: N/A | AN66: 0 | AO66: 5 - 9 Years | AP66: =AI66 -> 0 | AQ66: 0 | AR66: Waived | AS66: Yes | AT66: No | AU66: No | AV66: No | AW66: No | AX66: Unknown | AY66: No | AZ66: 3500 | BA66: NULL | BB66: NULL | BC66: 4318.7638 | BD66: 1043.62 | BE66: 0 | BF66: 0 | BG66: 0 | BH66: 0 | BI66: 2628 | BJ66: 7990 | BK66: 0 | BL66: 7990 | BM66: =IF(ROUND((6*RAND()),0)=0,1,(ROUND((6*RAND()),0))) -> 2 | BN66: 2000000 | BO66: 500000 | BP66: 50000 | BQ66: 500000 | BR66: 1000000 | BS66: 50000 | BT66: 0 | BU66: 0 | BV66: 0 | BW66: 0 | BX66: 1 | BY66: 0 | BZ66: Normal Shingle | CA66: Unknown | CB66: Unknown
A67: 65 | B67: HS2288618 | C67: 44923 | D67: 36 | E67: More than 30 days | F67: Ground up Construction | G67: 0 | H67: 3112250 | I67: 400000 | J67: 0 | K67: 0 | L67: Homeowner | M67: 1578270 | N67: 7650 SMULLIAN TRL W | P67: JACKSONVILLE | Q67: FL | R67: 32217 | S67: Duval | T67: > 5 miles | U67: 0 | V67: 11-E | W67: NULL | X67: Inland | Y67: 10000 | Z67: 5.0000161 | AA67: N/A | AB67: N/A | AC67: 638 | AD67: Frame | AE67: 1 | AF67: PRP - B/C/X | AG67: 0 | AH67: 0 | AI67: 0 | AJ67: 1962 | AK67: NULL | AL67: 2003 | AM67: N/A | AN67: 0 | AO67: 5 - 9 Years | AP67: =AI67 -> 0 | AQ67: 1 | AR67: Not Waived | AS67: Yes | AT67: Yes | AU67: Yes | AV67: No | AW67: No | AX67: Partial Opening Protection | AY67: Yes | AZ67: 6567 | BA67: NULL | BB67: NULL | BC67: 6825.2282 | BD67: 4787.88 | BE67: 0 | BF67: 0 | BG67: 200 | BH67: 0 | BI67: 12442 | BJ67: 24255 | BK67: 1186.66 | BL67: 25441.66 | BM67: =IF(ROUND((6*RAND()),0)=0,1,(ROUND((6*RAND()),0))) -> 2 | BN67: No Coverage | BO67: 25000 | BP67: 50000 | BQ67: 2000000 | BR67: 50000 | BS67: 500000 | BT67: 0 | BU67: 0 | BV67: 0 | BW67: 0 | BX67: 0 | BY67: 0 | BZ67: Metal Sheathing With Concealed Fasteners | CA67: Unknown | CB67: Hip
A68: 66 | B68: HS2440532 | C68: 44958 | D68: 6 | E68: More than 30 days | F68: Major Renovation/Remodel | G68: 0 | H68: 5200000 | I68: 1800000 | J68: 0 | K68: 0 | L68: Homeowner | M68: 1986841 | N68: 18 Sherburne Tpk | P68: Nantucket | Q68: MA | R68: 2554 | S68: Nantucket | T68: 1 Mile - 5 Miles | U68: 0 | V68: 1-C | W68: NULL | X68: Inland | Y68: 25000 | Z68: 2 | AA68: N/A | AB68: N/A | AC68: 670 | AD68: Frame | AE68: 3 | AF68: PRP - B/C/X | AG68: 0 | AH68: 0 | AI68: 0 | AJ68: 2022 | AK68: NULL | AL68: NULL | AM68: 0 - 10 Years | AN68: 1 | AO68: 5 - 9 Years | AP68: =AI68 -> 0 | AQ68: 1 | AR68: Not Waived | AS68: Yes | AT68: No | AU68: No | AV68: Yes | AW68: No | AX68: Unknown | AY68: No | AZ68: 7000 | BA68: NULL | BB68: NULL | BC68: 10807.969 | BD68: 9668.86 | BE68: 0 | BF68: 0 | BG68: 150 | BH68: 0 | BI68: 14370 | BJ68: 34997 | BK68: 0 | BL68: 34997 | BM68: =IF(ROUND((6*RAND()),0)=0,1,(ROUND((6*RAND()),0))) -> 1 | BN68: 500000 | BO68: 500000 | BP68: 50000 | BQ68: 1000000 | BR68: 500000 | BS68: 50000 | BT68: 0 | BU68: 0 | BV68: 0 | BW68: 0 | BX68: 1 | BY68: 0 | BZ68: Normal Shingle | CA68: Unknown | CB68: Unknown
A69: 67 | B69: HS2388257 | C69: 44673 | D69: 12 | E69: More than 30 days | F69: Ground up Construction | G69: 1 | H69: 3000000 | I69: 0 | J69: 0 | K69: 0 | L69: Homeowner | M69: 1876573 | N69: 3221 Monet Drive W | P69: Palm Beach Gardens | Q69: FL | R69: 33410 | S69: Palm Beach | T69: 1mile - 5 miles | U69: 0 | V69: 4-D | W69: NULL | X69: Inland | Y69: 25000 | Z69: 5 | AA69: N/A | AB69: N/A | AC69: 668 | AD69: Masonry | AE69: 2 | AF69: PRP - B/C/X | AG69: 0 | AH69: 0 | AI69: 0 | AJ69: 1989 | AK69: NULL | AL69: 2022 | AM69: N/A | AN69: 1 | AO69: >= 10 Years | AP69: =AI69 -> 0 | AQ69: 1 | AR69: Not Waived | AS69: No | AT69: Yes | AU69: No | AV69: No | AW69: Yes | AX69: Impact Glass Rated For Large Missiles | AY69: Yes | AZ69: 5135 | BA69: NULL | BB69: NULL | BC69: 7538.3322 | BD69: 20091.36 | BE69: 0 | BF69: 0 | BG69: 0 | BH69: 0 | BI69: 12570 | BJ69: 40200 | BK69: 150 | BL69: 40350 | BM69: =IF(ROUND((6*RAND()),0)=0,1,(ROUND((6*RAND()),0))) -> 0 | BN69: 250000 | BO69: 250000 | BP69: 200000 | BQ69: 100000 | BR69: 250000 | BS69: 500000 | BT69: 0 | BU69: 0 | BV69: 0 | BW69: 0 | BX69: 1 | BY69: 0 | BZ69: Concrete / Clay Tiles | CA69: 8d @ 6"/6" | CB69: Hip
A70: 68 | B70: HS2435527 | C70: 44918 | D70: 36 | E70: More than 30 days | F70: Ground up Construction | G70: 0 | H70: 2250000 | I70: 0 | J70: 0 | K70: 0 | L70: Homeowner | M70: 1973171 | N70: 2730 Meade Court | P70: Charlotte | Q70: NC | R70: 28211 | S70: Mecklenburg | T70: Inland | U70: 0 | V70: 870-G | W70: NULL | X70: Inland | Y70: 10000 | Z70: NULL | AA70: N/A | AB70: N/A | AC70: 840 | AD70: Frame | AE70: 1 | AF70: PRP - B/C/X | AG70: 0 | AH70: 0 | AI70: 0 | AJ70: 1978 | AK70: NULL | AL70: 2010 | AM70: N/A | AN70: 1 | AO70: 5 - 9 Years | AP70: =AI70 -> 0 | AQ70: 1 | AR70: Not Waived | AS70: No | AT70: No | AU70: Yes | AV70: Yes | AW70: No | AX70: Unknown | AY70: No | AZ70: 4292 | BA70: NULL | BB70: NULL | BC70: 5159.1709 | BD70: 2890.13 | BE70: 0 | BF70: 0 | BG70: 150 | BH70: 0 | BI70: 2716 | BJ70: 10915 | BK70: 0 | BL70: 10915 | BM70: =IF(ROUND((6*RAND()),0)=0,1,(ROUND((6*RAND()),0))) -> 1 | BN70: 250000 | BO70: 100000 | BP70: 100000 | BQ70: 500000 | BR70: 100000 | BS70: No Coverage | BT70: 0 | BU70: 0 | BV70: 0 | BW70: 0 | BX70: 1 | BY70: 0 | BZ70: Normal Shingle | CA70: Unknown | CB70: Unknown
A71: 69 | B71: HS2435638 | C71: 44931 | D71: 3 | E71: More than 30 days | F71: Major Renovation/Remodel | G71: 0 | H71: 0 | I71: 0 | J71: 2250000 | K71: 0 | L71: Condo/Co-op | M71: 2003106 | N71: 50 Liberty Drive | O71: PH1B | P71: Boston | Q71: MA | R71: 2210 | S71: Suffolk | T71: 1 Mile - 5 Miles | U71: 0 | V71: 643-C | W71: NULL | X71: Inland | Y71: 10000 | Z71: 2 | AA71: N/A | AB71: N/A | AC71: 711 | AD71: Fire Resistive | AE71: 1 | AF71: PRP - B/C/X | AG71: 0 | AH71: 0 | AI71: 0 | AJ71: 2018 | AK71: NULL | AL71: NULL | AM71: 0 - 10 Years | AN71: 1 | AO71: 5 - 9 Years | AP71: =AI71 -> 0 | AQ71: 0 | AR71: Waived | AS71: No | AT71: No | AU71: No | AV71: Yes | AW71: Yes | AX71: None | AY71: No | AZ71: 3619 | BA71: NULL | BB71: NULL | BC71: 6766.9825 | BD71: 1285.41 | BE71: 0 | BF71: 0 | BG71: 150 | BH71: 0 | BI71: 9910.11 | BJ71: 18113 | BK71: 0 | BL71: 18113 | BM71: =IF(ROUND((6*RAND()),0)=0,1,(ROUND((6*RAND()),0))) -> 3 | BN71: 100000 | BO71: 25000 | BP71: 50000 | BQ71: 1000000 | BR71: 250000 | BS71: 50000 | BT71: 0 | BU71: 0 | BV71: 0 | BW71: 0 | BX71: 1 | BY71: 0 | BZ71: Concrete / Clay Tiles | CA71: Unknown | CB71: Flat / Other
A72: 70 | B72: HS2423081 | C72: 44858 | D72: 30 | E72: More than 30 days | F72: Ground up Construction | G72: 1 | H72: 2400000 | I72: 0 | J72: 400000 | K72: 0 | L72: Homeowner | M72: 816726 | N72: 303 Ocean Ave | P72: Belmar | Q72: NJ | R72: 7719 | S72: Monmouth | T72: 0 - 1,000 Feet | U72: 0 | V72: 13-A | W72: NULL | X72: Inland | Y72: 10000 | Z72: 2 | AA72: N/A | AB72: N/A | AC72: 859 | AD72: Frame | AE72: 4 | AF72: PRP - B/C/X | AG72: 0 | AH72: 0 | AI72: 0 | AJ72: 2000 | AK72: NULL | AL72: NULL | AM72: N/A | AN72: 0 | AO72: 0 - 5 Years | AP72: =AI72 -> 0 | AQ72: 0 | AR72: Waived | AS72: Yes | AT72: Yes | AU72: Yes | AV72: No | AW72: No | AX72: Unknown | AY72: No | AZ72: 5082 | BA72: NULL | BB72: NULL | BC72: 5344.129 | BD72: 2377.2 | BE72: 0 | BF72: 0 | BG72: 150 | BH72: 0 | BI72: 7249 | BJ72: 15120 | BK72: 0 | BL72: 15120 | BM72: =IF(ROUND((6*RAND()),0)=0,1,(ROUND((6*RAND()),0))) -> 1 | BN72: 100000 | BO72: 25000 | BP72: 100000 | BQ72: 2000000 | BR72: 250000 | BS72: 500000 | BT72: 0 | BU72: 0 | BV72: 0 | BW72: 0 | BX72: 1 | BY72: 0 | BZ72: Normal Shingle | CA72: Unknown | CB72: Unknown
A73: 71 | B73: HS2443692 | C73: 44984 | D73: 6 | E73: More than 30 days | F73: Major Renovation/Remodel | G73: 0 | H73: 3375000 | I73: 0 | J73: 0 | K73: 0 | L73: Homeowner | M73: 1472441 | N73: 150 Tucked Away Ln | P73: Port Aransas | Q73: TX | R73: 78373 | S73: Nueces | T73: Barrier Island | U73: 1 | V73: 400-Z | W73: Not Applicable | X73: Coastal | Y73: 100000 | Z73: 5 | AA73: 0 | AB73: N/A | AC73: 620 | AD73: Reinforced Poured Concrete | AE73: 4 | AF73: AE/A1-A30/A Unnumbered | AG73: 0 | AH73: 0 | AI73: 0 | AJ73: 2022 | AK73: NULL | AL73: NULL | AM73: 0 - 10 Years | AN73: 0 | AO73: 0 - 5 Years | AP73: =AI73 -> 0 | AQ73: 0 | AR73: Waived | AS73: No | AT73: No | AU73: Yes | AV73: No | AW73: No | AX73: Impact Glass Rated For Large Missiles | AY73: Yes | AZ73: 6785 | BA73: NULL | BB73: NULL | BC73: 4863.4733 | BD73: 20856.93 | BE73: 0 | BF73: 0 | BG73: 150 | BH73: 0 | BI73: 33199 | BJ73: 59069 | BK73: 200 | BL73: 59269 | BM73: =IF(ROUND((6*RAND()),0)=0,1,(ROUND((6*RAND()),0))) -> 1 | BN73: 50000 | BO73: 100000 | BP73: 200000 | BQ73: 50000 | BR73: 500000 | BS73: 50000 | BT73: 0 | BU73: 0 | BV73: 0 | BW73: 0 | BX73: 1 | BY73: 0 | BZ73: Metal Sheathing With Concealed Fasteners | CA73: 8d @ 6"/6" | CB73: Gable
A74: 72 | B74: HS2347719 | C74: 44840 | D74: 30 | E74: More than 30 days | F74: Ground up Construction | G74: 1 | H74: 6500000 | I74: 600000 | J74: 0 | K74: 0 | L74: Homeowner | M74: 136427 | N74: 39 Middle Lane | P74: East Hampton | Q74: NY | R74: 11937 | S74: Suffolk | T74: 1,001 Feet - 1 Mile | U74: 0 | V74: 78-B | W74: NULL | X74: Inland | Y74: 50000 | Z74: 1 | AA74: N/A | AB74: N/A | AC74: 861 | AD74: Frame | AE74: 3 | AF74: PRP - B/C/X | AG74: 0 | AH74: 0 | AI74: 0 | AJ74: 2021 | AK74: NULL | AL74: NULL | AM74: N/A | AN74: 1 | AO74: 0 - 5 Years | AP74: =AI74 -> 0 | AQ74: 1 | AR74: Not Waived | AS74: Yes | AT74: No | AU74: No | AV74: Yes | AW74: No | AX74: Unknown | AY74: No | AZ74: 7466 | BA74: NULL | BB74: NULL | BC74: 11670.018 | BD74: 13254.17 | BE74: 0 | BF74: 0 | BG74: 0 | BH74: 0 | BI74: 6761 | BJ74: 31685 | BK74: 300 | BL74: 31985 | BM74: =IF(ROUND((6*RAND()),0)=0,1,(ROUND((6*RAND()),0))) -> 4 | BN74: 250000 | BO74: 25000 | BP74: Base | BQ74: 1000000 | BR74: 1000000 | BS74: 50000 | BT74: 0 | BU74: 0 | BV74: 0 | BW74: 0 | BX74: 1 | BY74: 0 | BZ74: Normal Shingle | CA74: Unknown | CB74: Unknown
A75: 73 | B75: HS2414918 | C75: 44805 | D75: 27 | E75: More than 30 days | F75: Ground up Construction | G75: 0 | H75: 0 | I75: 0 | J75: 1500000 | K75: 0 | L75: Condo/Co-op | M75: 1915222 | N75: 923 FIFTH AVE | O75: APT 2A | P75: NEW YORK | Q75: NY | R75: 10021 | S75: New York | T75: 1 Mile - 5 Miles | U75: 0 | V75: 1021-C | W75: NULL | X75: Inland | Y75: 10000 | Z75: 2 | AA75: N/A | AB75: N/A | AC75: 662 | AD75: Fire Resistive | AE75: 1 | AF75: PRP - B/C/X | AG75: 0 | AH75: 0 | AI75: 0 | AJ75: 1950 | AK75: 2022 | AL75: NULL | AM75: N/A | AN75: 1 | AO75: 0 - 5 Years | AP75: =AI75 -> 0 | AQ75: 0 | AR75: Waived | AS75: Yes | AT75: Yes | AU75: No | AV75: No | AW75: Yes | AX75: Unknown | AY75: No | AZ75: 1745 | BA75: NULL | BB75: NULL | BC75: 7807.0373 | BD75: 1545.82 | BE75: 0 | BF75: 0 | BG75: 150 | BH75: 0 | BI75: -463 | BJ75: 9040 | BK75: 0 | BL75: 9040 | BM75: =IF(ROUND((6*RAND()),0)=0,1,(ROUND((6*RAND()),0))) -> 6 | BN75: 50000 | BO75: 20000 | BP75: 50000 | BQ75: 500000 | BR75: No Coverage | BS75: 1000000 | BT75: 0 | BU75: 0 | BV75: 0 | BW75: 0 | BX75: 1 | BY75: 0 | BZ75: Normal Shingle | CA75: Unknown | CB75: Flat / Other
A76: 74 | B76: HS2407944 | C76: 44770 | D76: 21 | E76: More than 30 days | F76: Ground up Construction | G76: 0 | H76: 4000000 | I76: 0 | J76: 0 | K76: 0 | L76: Homeowner | M76: 1459984 | N76: 17 Pearl Ave | P76: Hyannis Port | Q76: MA | R76: 2647 | S76: Barnstable | T76: 1,001 Feet - 1 Mile | U76: 0 | V76: 234-B | W76: NULL | X76: Inland | Y76: 10000 | Z76: 2 | AA76: N/A | AB76: N/A | AC76: 719 | AD76: Frame | AE76: 2 | AF76: PRP - B/C/X | AG76: 0 | AH76: 0 | AI76: 0 | AJ76: 1910 | AK76: 2022 | AL76: NULL | AM76: N/A | AN76: 0 | AO76: 5 - 9 Years | AP76: =AI76 -> 0 | AQ76: 0 | AR76: Waived | AS76: Yes | AT76: No | AU76: Yes | AV76: No | AW76: Yes | AX76: Unknown | AY76: No | AZ76: 3036 | BA76: NULL | BB76: NULL | BC76: 7012.7158 | BD76: 10844.25 | BE76: 0 | BF76: 0 | BG76: 150 | BH76: 0 | BI76: 8313 | BJ76: 26320 | BK76: 0 | BL76: 26320 | BM76: =IF(ROUND((6*RAND()),0)=0,1,(ROUND((6*RAND()),0))) -> 5 | BN76: 100000 | BO76: 50000 | BP76: 100000 | BQ76: 500000 | BR76: 2000000 | BS76: 1000000 | BT76: 0 | BU76: 0 | BV76: 0 | BW76: 0 | BX76: 1 | BY76: 0 | BZ76: Normal Shingle | CA76: Unknown | CB76: Unknown
A77: 75 | B77: HS2430989 | C77: 44883 | D77: 33 | E77: More than 30 days | F77: Ground up Construction | G77: 0 | H77: 3000000 | I77: 0 | J77: 750000 | K77: 100000 | L77: Homeowner | M77: 358905 | N77: 70 Country Way | P77: Needham | Q77: MA | R77: 2492 | S77: Norfolk | T77: > 5 Miles | U77: 0 | V77: 543-D | W77: NULL | X77: Inland | Y77: 10000 | Z77: 1 | AA77: N/A | AB77: N/A | AC77: 713 | AD77: Frame | AE77: 2 | AF77: PRP - B/C/X | AG77: 0 | AH77: 0 | AI77: 0 | AJ77: 1997 | AK77: NULL | AL77: 2020 | AM77: N/A | AN77: 1 | AO77: 5 - 9 Years | AP77: =AI77 -> 0 | AQ77: 0 | AR77: Waived | AS77: Yes | AT77: No | AU77: No | AV77: No | AW77: No | AX77: Unknown | AY77: No | AZ77: 5781 | BA77: NULL | BB77: NULL | BC77: 7850.9334 | BD77: 2535.05 | BE77: 0 | BF77: 0 | BG77: 150 | BH77: 0 | BI77: 7944 | BJ77: 18480 | BK77: 0 | BL77: 18480 | BM77: =IF(ROUND((6*RAND()),0)=0,1,(ROUND((6*RAND()),0))) -> 6 | BN77: No Coverage | BO77: 500000 | BP77: 50000 | BQ77: 50000 | BR77: No Coverage | BS77: No Coverage | BT77: 0 | BU77: 0 | BV77: 1 | BW77: 0 | BX77: 0 | BY77: 0 | BZ77: Normal Shingle | CA77: Unknown | CB77: Unknown
A78: 76 | B78: HS2346235 | C78: 44838 | D78: 30 | E78: More than 30 days | F78: Ground up Construction | G78: 1 | H78: 5500000 | I78: 500000 | J78: 0 | K78: 0 | L78: Homeowner | M78: 86995 | N78: 6 Bootleggers Alley | P78: Shelter Island | Q78: NY | R78: 11964 | S78: Suffolk | T78: 0 - 1,000 Feet | U78: 0 | V78: 102-A | W78: NULL | X78: Inland | Y78: 25000 | Z78: 2 | AA78: N/A | AB78: N/A | AC78: 609 | AD78: Frame | AE78: 8 | AF78: PRP - B/C/X | AG78: 0 | AH78: 0 | AI78: 0 | AJ78: 2021 | AK78: NULL | AL78: NULL | AM78: N/A | AN78: 0 | AO78: >= 10 Years | AP78: =AI78 -> 0 | AQ78: 0 | AR78: Waived | AS78: Yes | AT78: Yes | AU78: Yes | AV78: No | AW78: Yes | AX78: Unknown | AY78: No | AZ78: 5115 | BA78: NULL | BB78: NULL | BC78: 20571.237 | BD78: 22727.35 | BE78: 0 | BF78: 0 | BG78: 0 | BH78: 0 | BI78: 7701 | BJ78: 51000 | BK78: 300 | BL78: 51300 | BM78: =IF(ROUND((6*RAND()),0)=0,1,(ROUND((6*RAND()),0))) -> 5 | BN78: No Coverage | BO78: 500000 | BP78: Base | BQ78: 50000 | BR78: 1000000 | BS78: 50000 | BT78: 0 | BU78: 0 | BV78: 0 | BW78: 0 | BX78: 0 | BY78: 0 | BZ78: Rated Shingle for High Wind Speeds | CA78: 8d @ 6"/6" | CB78: Unknown
A79: 77 | B79: HS2356977 | C79: 44873 | D79: 33 | E79: More than 30 days | F79: Ground up Construction | G79: 0 | H79: 2000000 | I79: 0 | J79: 0 | K79: 0 | L79: Homeowner | M79: 201603 | N79: 7431 E 201st ST | P79: Bradenton | Q79: FL | R79: 34202 | S79: Manatee | T79: > 5 miles | U79: 0 | V79: 18-E | W79: NULL | X79: Inland | Y79: 5000 | Z79: 5 | AA79: N/A | AB79: N/A | AC79: 857 | AD79: Masonry | AE79: 3 | AF79: PRP - B/C/X | AG79: 0 | AH79: 0 | AI79: 0 | AJ79: 2021 | AK79: NULL | AL79: NULL | AM79: N/A | AN79: 0 | AO79: >= 10 Years | AP79: =AI79 -> 0 | AQ79: 1 | AR79: Not Waived | AS79: No | AT79: No | AU79: No | AV79: Yes | AW79: Yes | AX79: Impact Glass Rated For Large Missiles | AY79: Yes | AZ79: 6968 | BA79: NULL | BB79: NULL | BC79: 4163.1586 | BD79: 3044.26 | BE79: 0 | BF79: 0 | BG79: 0 | BH79: 0 | BI79: 6793 | BJ79: 14000 | BK79: 0 | BL79: 14000 | BM79: =IF(ROUND((6*RAND()),0)=0,1,(ROUND((6*RAND()),0))) -> 3 | BN79: 1000000 | BO79: 25000 | BP79: 200000 | BQ79: 50000 | BR79: 100000 | BS79: 50000 | BT79: 0 | BU79: 0 | BV79: 0 | BW79: 0 | BX79: 1 | BY79: 0 | BZ79: Unknown | CA79: 8d @ 6"/6" | CB79: Hip
A80: 78 | B80: HS2328130 | C80: 44751 | D80: 21 | E80: More than 30 days | F80: Ground up Construction | G80: 0 | H80: 6000000 | I80: 100000 | J80: 0 | K80: 0 | L80: Homeowner | M80: 1726576 | N80: 2505 Rivers Rd | P80: Atlanta | Q80: GA | R80: 30305 | S80: Fulton | T80: Inland | U80: 0 | V80: 17 | W80: Not Applicable | X80: Inland | Y80: 10000 | Z80: NULL | AA80: 0 | AB80: N/A | AC80: 861 | AD80: Brick - Veneer | AE80: 1 | AF80: PRP - B/C/X | AG80: 0 | AH80: 0 | AI80: 0 | AJ80: 2021 | AK80: NULL | AL80: NULL | AM80: N/A | AN80: 1 | AO80: 5 - 9 Years | AP80: =AI80 -> 0 | AQ80: 0 | AR80: Waived | AS80: No | AT80: No | AU80: No | AV80: Yes | AW80: Yes | AX80: Unknown | AY80: No | AZ80: 5464 | BA80: NULL | BB80: NULL | BC80: 9418.4315 | BD80: 7826.1 | BE80: 0 | BF80: 0 | BG80: 150 | BH80: 0 | BI80: 3955.47 | BJ80: 21350 | BK80: 0 | BL80: 21350 | BM80: =IF(ROUND((6*RAND()),0)=0,1,(ROUND((6*RAND()),0))) -> 4 | BN80: No Coverage | BO80: 500000 | BP80: Base | BQ80: 100000 | BR80: 100000 | BS80: 50000 | BT80: 0 | BU80: 0 | BV80: 0 | BW80: 0 | BX80: 1 | BY80: 0 | BZ80: Rated Shingle for High Wind Speeds | CA80: Unknown | CB80: Gable
A81: 79 | B81: HS2410675 | C81: 44782 | D81: 24 | E81: More than 30 days | F81: Ground up Construction | G81: 1 | H81: 0 | I81: 0 | J81: 600000 | K81: 0 | L81: Condo/Co-op | M81: 1893868 | N81: 205 E 78th Street | O81: 3j | P81: New York | Q81: NY | R81: 10075 | S81: New York | T81: > 5 Miles | U81: 0 | V81: 1053-D | W81: NULL | X81: Inland | Y81: 10000 | Z81: 2 | AA81: N/A | AB81: N/A | AC81: 0 | AD81: Fire Resistive | AE81: 1 | AF81: PRP - B/C/X | AG81: 0 | AH81: 0 | AI81: 0 | AJ81: 1928 | AK81: NULL | AL81: NULL | AM81: N/A | AN81: 1 | AO81: 0 - 5 Years | AP81: =AI81 -> 0 | AQ81: 0 | AR81: Waived | AS81: Yes | AT81: Yes | AU81: Yes | AV81: Yes | AW81: No | AX81: Unknown | AY81: No | AZ81: 800 | BA81: NULL | BB81: NULL | BC81: 2914.1268 | BD81: 700.69 | BE81: 0 | BF81: 0 | BG81: 0 | BH81: 0 | BI81: 6585 | BJ81: 10200 | BK81: 0 | BL81: 10200 | BM81: =IF(ROUND((6*RAND()),0)=0,1,(ROUND((6*RAND()),0))) -> 4 | BN81: 500000 | BO81: 500000 | BP81: 100000 | BQ81: 250000 | BR81: 1000000 | BS81: 50000 | BT81: 0 | BU81: 0 | BV81: 0 | BW81: 0 | BX81: 1 | BY81: 0 | BZ81: Unknown | CA81: Unknown | CB81: Unknown
A82: 80 | B82: HS2368419 | C82: 44932 | D82: 3 | E82: More than 30 days | F82: Major Renovation/Remodel | G82: 0 | H82: 3500000 | I82: 0 | J82: 0 | K82: 0 | L82: Homeowner | M82: 1594856 | N82: 956 Waverly Way NE | P82: Atlanta | Q82: GA | R82: 30307 | S82: Fulton | T82: Inland | U82: 0 | V82: 17 | W82: Not Applicable | X82: Inland | Y82: 10000 | Z82: NULL | AA82: 0 | AB82: N/A | AC82: 854 | AD82: Frame | AE82: 1 | AF82: PRP - B/C/X | AG82: 0 | AH82: 0 | AI82: 0 | AJ82: 1910 | AK82: 2000 | AL82: 2021 | AM82: 11 - 25 Years | AN82: 1 | AO82: 0 - 5 Years | AP82: =AI82 -> 0 | AQ82: 1 | AR82: Not Waived | AS82: No | AT82: No | AU82: No | AV82: Yes | AW82: Yes | AX82: None | AY82: No | AZ82: 5738 | BA82: NULL | BB82: NULL | BC82: 7688.9103 | BD82: 8043.39 | BE82: 0 | BF82: 0 | BG82: 150 | BH82: 0 | BI82: -1285 | BJ82: 16450 | BK82: 0 | BL82: 16450 | BM82: =IF(ROUND((6*RAND()),0)=0,1,(ROUND((6*RAND()),0))) -> 2 | BN82: No Coverage | BO82: 50000 | BP82: Base | BQ82: 100000 | BR82: 250000 | BS82: No Coverage | BT82: 0 | BU82: 1 | BV82: 0 | BW82: 0 | BX82: 1 | BY82: 0 | BZ82: Metal Sheathing With Concealed Fasteners | CA82: Unknown | CB82: Hip
A83: 81 | B83: HS2338686 | C83: 44792 | D83: 24 | E83: More than 30 days | F83: Ground up Construction | G83: 0 | H83: 8900000 | I83: 5000000 | J83: 0 | K83: 0 | L83: Homeowner | M83: 1746633 | N83: 310 S Beach Rd | P83: Hobe Sound | Q83: FL | R83: 33455 | S83: Martin | T83: Barrier Island | U83: 1 | V83: 5-Z | W83: NULL | X83: Coastal | Y83: 25000 | Z83: 25 | AA83: N/A | AB83: N/A | AC83: 942 | AD83: Masonry | AE83: 4 | AF83: PRP - B/C/X | AG83: 0 | AH83: 0 | AI83: 0 | AJ83: 2021 | AK83: NULL | AL83: NULL | AM83: N/A | AN83: 0 | AO83: 0 - 5 Years | AP83: =AI83 -> 0 | AQ83: 1 | AR83: Not Waived | AS83: No | AT83: No | AU83: No | AV83: Yes | AW83: No | AX83: Impact Glass Rated For Large Missiles | AY83: Yes | AZ83: 13000 | BA83: NULL | BB83: NULL | BC83: 20366.888 | BD83: 13669.66 | BE83: 0 | BF83: 0 | BG83: 300 | BH83: 0 | BI83: 65203 | BJ83: 99540 | BK83: 3000 | BL83: 102540 | BM83: =IF(ROUND((6*RAND()),0)=0,1,(ROUND((6*RAND()),0))) -> 2 | BN83: No Coverage | BO83: 1000000 | BP83: Base | BQ83: 2000000 | BR83: 2000000 | BS83: 100000 | BT83: 0 | BU83: 0 | BV83: 0 | BW83: 0 | BX83: 1 | BY83: 0 | BZ83: Rated Shingle for High Wind Speeds | CA83: 8d @ 6"/6" | CB83: Hip
A84: 82 | B84: HS2429678 | C84: 44876 | D84: 33 | E84: More than 30 days | F84: Ground up Construction | G84: 0 | H84: 3500000 | I84: 0 | J84: 0 | K84: 0 | L84: Homeowner | M84: 1633506 | N84: 1013 Guerrero Street | P84: San Francisco | Q84: CA | R84: 94110 | S84: San Francisco | T84: 1 mile - 5 miles | U84: 0 | V84: 33 | W84: West San Francisco Urban | X84: Inland | Y84: 10000 | Z84: NULL | AA84: N/A | AB84: N/A | AC84: NULL | AD84: Frame | AE84: 1 | AF84: PRP - B/C/X | AG84: 0 | AH84: 0 | AI84: 0 | AJ84: 1900 | AK84: NULL | AL84: NULL | AM84: N/A | AN84: 1 | AO84: 0 - 5 Years | AP84: =AI84 -> 0 | AQ84: 1 | AR84: Not Waived | AS84: Yes | AT84: Yes | AU84: No | AV84: No | AW84: No | AX84: NULL | AY84: No | AZ84: 2357 | BA84: NULL | BB84: Low | BC84: 0 | BD84: 0 | BE84: 6960.97 | BF84: 4817.28 | BG84: 0 | BH84: 0 | BI84: 18000 | BJ84: 29778.25 | BK84: 0 | BL84: 29778.25 | BM84: =IF(ROUND((6*RAND()),0)=0,1,(ROUND((6*RAND()),0))) -> 5 | BN84: No Coverage | BO84: 20000 | BP84: 200000 | BQ84: 250000 | BR84: 100000 | BS84: 100000 | BT84: 0 | BU84: 0 | BV84: 0 | BW84: 0 | BX84: 1 | BY84: 0 | BZ84: Asphalt Shingle | CA84: NULL | CB84: Hip
A85: 83 | B85: HS2208945 | C85: 44838 | D85: 30 | E85: More than 30 days | F85: Ground up Construction | G85: 0 | H85: 5000000 | I85: 175000 | J85: 0 | K85: 0 | L85: Homeowner | M85: 1331527 | N85: 55 13th Avenue South | P85: Naples | Q85: FL | R85: 34102 | S85: Collier | T85: < 1000 ft | U85: 1 | V85: 14-B | W85: NULL | X85: Coastal | Y85: 10000 | Z85: 5 | AA85: N/A | AB85: N/A | AC85: 845 | AD85: Masonry | AE85: 1 | AF85: V1-V30/VE | AG85: 0 | AH85: 0 | AI85: 0 | AJ85: 2004 | AK85: NULL | AL85: 2004 | AM85: N/A | AN85: 1 | AO85: 0 - 5 Years | AP85: =AI85 -> 0 | AQ85: 1 | AR85: Not Waived | AS85: Yes | AT85: No | AU85: No | AV85: Yes | AW85: Yes | AX85: Impact Shutters Rated For Large Missiles | AY85: Yes | AZ85: 5221 | BA85: NULL | BB85: NULL | BC85: 13346.492 | BD85: 24835.41 | BE85: 0 | BF85: 0 | BG85: 300 | BH85: 0 | BI85: 11531 | BJ85: 50013 | BK85: 1705.5 | BL85: 51718.5 | BM85: =IF(ROUND((6*RAND()),0)=0,1,(ROUND((6*RAND()),0))) -> 1 | BN85: 500000 | BO85: 250000 | BP85: 50000 | BQ85: 500000 | BR85: 500000 | BS85: 100000 | BT85: 0 | BU85: 0 | BV85: 0 | BW85: 0 | BX85: 0 | BY85: 0 | BZ85: Metal Sheathing With Concealed Fasteners | CA85: 8d @ 6"/6" | CB85: Gable
A86: 84 | B86: HS2403062 | C86: 44742 | D86: 18 | E86: More than 30 days | F86: Ground up Construction | G86: 0 | H86: 1900000 | I86: 150000 | J86: 0 | K86: 0 | L86: Homeowner | M86: 1909618 | N86: 24 Cedar Place | P86: Garden City | Q86: NY | R86: 11530 | S86: Nassau | T86: > 5 Miles | U86: 0 | V86: 535-D | W86: NULL | X86: Inland | Y86: 10000 | Z86: 2 | AA86: N/A | AB86: N/A | AC86: 759 | AD86: Frame | AE86: 3 | AF86: PRP - B/C/X | AG86: 0 | AH86: 0 | AI86: 0 | AJ86: 1936 | AK86: 2022 | AL86: 2022 | AM86: N/A | AN86: 1 | AO86: 0 - 5 Years | AP86: =AI86 -> 0 | AQ86: 1 | AR86: Not Waived | AS86: Yes | AT86: Yes | AU86: Yes | AV86: No | AW86: Yes | AX86: Unknown | AY86: No | AZ86: 3400 | BA86: NULL | BB86: NULL | BC86: 6400.8317 | BD86: 2377.25 | BE86: 0 | BF86: 0 | BG86: 150 | BH86: 0 | BI86: 4396.92 | BJ86: 13325 | BK86: 300 | BL86: 13625 | BM86: =IF(ROUND((6*RAND()),0)=0,1,(ROUND((6*RAND()),0))) -> 1 | BN86: No Coverage | BO86: 250000 | BP86: 50000 | BQ86: 500000 | BR86: 2000000 | BS86: 100000 | BT86: 0 | BU86: 0 | BV86: 0 | BW86: 0 | BX86: 1 | BY86: 0 | BZ86: Unknown | CA86: Unknown | CB86: Gable
A87: 85 | B87: HS2403536 | C87: 44742 | D87: 18 | E87: More than 30 days | F87: Ground up Construction | G87: 0 | H87: 4200000 | I87: 60000 | J87: 337085 | K87: 0 | L87: Homeowner | M87: 1114146 | N87: 116 Blue Heron Pond Road | P87: Kiawah Island | Q87: SC | R87: 29455 | S87: Charleston | T87: 0 - 2,500 Feet | U87: 0 | V87: 10-B | W87: NULL | X87: Inland | Y87: 10000 | Z87: 5 | AA87: N/A | AB87: N/A | AC87: 785 | AD87: Frame | AE87: 2 | AF87: AE/A1-A30/A Unnumbered | AG87: 0 | AH87: 0 | AI87: 0 | AJ87: 2016 | AK87: NULL | AL87: NULL | AM87: N/A | AN87: 0 | AO87: 0 - 5 Years | AP87: =AI87 -> 0 | AQ87: 0 | AR87: Waived | AS87: No | AT87: No | AU87: Yes | AV87: No | AW87: No | AX87: Impact Glass Rated For Large Missiles | AY87: Yes | AZ87: 5873 | BA87: NULL | BB87: NULL | BC87: 6170.5481 | BD87: 14111.13 | BE87: 0 | BF87: 0 | BG87: 150 | BH87: 0 | BI87: 24160.04 | BJ87: 44592 | BK87: 300 | BL87: 44892 | BM87: =IF(ROUND((6*RAND()),0)=0,1,(ROUND((6*RAND()),0))) -> 1 | BN87: 50000 | BO87: 50000 | BP87: 100000 | BQ87: 100000 | BR87: 250000 | BS87: 50000 | BT87: 0 | BU87: 0 | BV87: 0 | BW87: 0 | BX87: 1 | BY87: 0 | BZ87: Metal Sheathing With Concealed Fasteners | CA87: 8d @ 6"/12" | CB87: Gable
A88: 86 | B88: HS2405043 | C88: 44755 | D88: 21 | E88: More than 30 days | F88: Ground up Construction | G88: 1 | H88: 0 | I88: 0 | J88: 1250000 | K88: 0 | L88: Condo/Co-op | M88: 1209639 | N88: 4301 Gulf Shore Blvd N | O88: Park Plaza 501 | P88: Naples | Q88: FL | R88: 34103 | S88: Collier | T88: < 1000 ft | U88: 1 | V88: 14-B | W88: NULL | X88: Coastal | Y88: 10000 | Z88: 5 | AA88: N/A | AB88: N/A | AC88: 729 | AD88: Fire Resistive | AE88: 1 | AF88: V1-V30/VE | AG88: 0 | AH88: 0 | AI88: 0 | AJ88: 1984 | AK88: NULL | AL88: NULL | AM88: N/A | AN88: 1 | AO88: 0 - 5 Years | AP88: =AI88 -> 0 | AQ88: 0 | AR88: Waived | AS88: No | AT88: No | AU88: No | AV88: Yes | AW88: No | AX88: Impact Shutters Rated For Large Missiles | AY88: Yes | AZ88: 3282 | BA88: NULL | BB88: NULL | BC88: 2593.4807 | BD88: 8351.89 | BE88: 0 | BF88: 0 | BG88: 200 | BH88: 0 | BI88: 4230 | BJ88: 15375 | BK88: 150 | BL88: 15525 | BM88: =IF(ROUND((6*RAND()),0)=0,1,(ROUND((6*RAND()),0))) -> 4 | BN88: 1000000 | BO88: 50000 | BP88: 50000 | BQ88: 1000000 | BR88: 50000 | BS88: 1000000 | BT88: 0 | BU88: 0 | BV88: 0 | BW88: 0 | BX88: 1 | BY88: 0 | BZ88: Rated Shingle for High Wind Speeds | CA88: 8d @ 6"/6" | CB88: Hip
A89: 87 | B89: HS2441178 | C89: 44972 | D89: 6 | E89: More than 30 days | F89: Major Renovation/Remodel | G89: 0 | H89: 3300000 | I89: 0 | J89: 0 | K89: 0 | L89: Homeowner | M89: 2060621 | N89: 1 BEACH BAY LANE EAST | P89: WILMINGTON | Q89: NC | R89: 28411 | S89: New Hanover | T89: Barrier Island | U89: 0 | V89: 140-Z | W89: NULL | X89: Inland | Y89: 10000 | Z89: 5 | AA89: N/A | AB89: N/A | AC89: 891 | AD89: Frame | AE89: 2 | AF89: AE/A1-A30/A Unnumbered | AG89: 0 | AH89: 0 | AI89: 0 | AJ89: 2023 | AK89: NULL | AL89: NULL | AM89: 0 - 10 Years | AN89: 0 | AO89: 0 - 5 Years | AP89: =AI89 -> 0 | AQ89: 0 | AR89: Waived | AS89: Yes | AT89: Yes | AU89: No | AV89: No | AW89: Yes | AX89: Unknown | AY89: No | AZ89: 4500 | BA89: NULL | BB89: NULL | BC89: 3267.9314 | BD89: 17697.31 | BE89: 0 | BF89: 0 | BG89: 0 | BH89: 0 | BI89: 5435 | BJ89: 26400 | BK89: 200 | BL89: 26600 | BM89: =IF(ROUND((6*RAND()),0)=0,1,(ROUND((6*RAND()),0))) -> 0 | BN89: No Coverage | BO89: 50000 | BP89: 100000 | BQ89: 100000 | BR89: 100000 | BS89: 1000000 | BT89: 0 | BU89: 0 | BV89: 0 | BW89: 0 | BX89: 1 | BY89: 0 | BZ89: Normal Shingle | CA89: Unknown | CB89: Hip
A90: 88 | B90: HS2360907 | C90: 44888 | D90: 33 | E90: More than 30 days | F90: Ground up Construction | G90: 1 | H90: 12800000 | I90: 250000 | J90: 0 | K90: 0 | L90: Homeowner | M90: 1774787 | N90: 238 Seadrift | P90: Stinson Beach | Q90: CA | R90: 94970 | S90: Marin | T90: < 500 | U90: 1 | V90: 44 | W90: Other - San Francisco | X90: Coastal | Y90: 100000 | Z90: NULL | AA90: N/A | AB90: N/A | AC90: NULL | AD90: Frame | AE90: 4 | AF90: V1-V30/VE | AG90: 0 | AH90: 0 | AI90: 0 | AJ90: 2021 | AK90: NULL | AL90: NULL | AM90: N/A | AN90: 1 | AO90: 0 - 5 Years | AP90: =AI90 -> 0 | AQ90: 0 | AR90: Waived | AS90: Yes | AT90: Yes | AU90: No | AV90: No | AW90: Yes | AX90: NULL | AY90: No | AZ90: 4493 | BA90: 3 | BB90: Moderate | BC90: 0 | BD90: 0 | BE90: 24263.23 | BF90: 13949.03 | BG90: 0 | BH90: 0 | BI90: 40023 | BJ90: 78235.26 | BK90: 0 | BL90: 78235.26 | BM90: =IF(ROUND((6*RAND()),0)=0,1,(ROUND((6*RAND()),0))) -> 4 | BN90: 500000 | BO90: 100000 | BP90: 200000 | BQ90: 1000000 | BR90: 500000 | BS90: 50000 | BT90: 0 | BU90: 0 | BV90: 0 | BW90: 0 | BX90: 0 | BY90: 0 | BZ90: Asphalt Shingle | CA90: NULL | CB90: Other
A91: 89 | B91: HS2428666 | C91: 44868 | D91: 33 | E91: More than 30 days | F91: Ground up Construction | G91: 1 | H91: 0 | I91: 0 | J91: 2500000 | K91: 0 | L91: Condo/Co-op | M91: 1717105 | N91: 10490 Wilshire Blvd | O91: 2102 | P91: Los Angeles | Q91: CA | R91: 90024 | S91: Los Angeles | T91: > 5 miles | U91: 0 | V91: 7 | W91: Beverly Hills Buffer | X91: Inland | Y91: 10000 | Z91: NULL | AA91: N/A | AB91: N/A | AC91: NULL | AD91: Fire Resistive | AE91: 1 | AF91: PRP - B/C/X | AG91: 0 | AH91: 0 | AI91: 0 | AJ91: 1989 | AK91: NULL | AL91: 2015 | AM91: N/A | AN91: 0 | AO91: 5 - 9 Years | AP91: =AI91 -> 0 | AQ91: 0 | AR91: Waived | AS91: Yes | AT91: No | AU91: Yes | AV91: No | AW91: Yes | AX91: NULL | AY91: No | AZ91: 4733 | BA91: 3 | BB91: Low | BC91: 0 | BD91: 0 | BE91: 4672.09 | BF91: 3519.36 | BG91: 150 | BH91: 0 | BI91: 10409 | BJ91: 18750.45 | BK91: 0 | BL91: 18750.45 | BM91: =IF(ROUND((6*RAND()),0)=0,1,(ROUND((6*RAND()),0))) -> 1 | BN91: 100000 | BO91: 25000 | BP91: 100000 | BQ91: 2000000 | BR91: 50000 | BS91: 250000 | BT91: 0 | BU91: 0 | BV91: 0 | BW91: 0 | BX91: 1 | BY91: 0 | BZ91: Concrete Roof Deck | CA91: NULL | CB91: Flat
A92: 90 | B92: HS2338793 | C92: 44800 | D92: 24 | E92: More than 30 days | F92: Ground up Construction | G92: 1 | H92: 29100000 | I92: 500000 | J92: 0 | K92: 0 | L92: Homeowner | M92: 1890662 | N92: 202 & 210 Atherton Ave | P92: Atherton | Q92: CA | R92: 94027 | S92: San Mateo | T92: 1 mile - 5 miles | U92: 0 | V92: 48 | W92: Palo Alto Urban | X92: Inland | Y92: 25000 | Z92: NULL | AA92: N/A | AB92: N/A | AC92: NULL | AD92: Frame | AE92: 2 | AF92: PRP - B/C/X | AG92: 0 | AH92: 0 | AI92: 0 | AJ92: 2021 | AK92: NULL | AL92: NULL | AM92: N/A | AN92: 1 | AO92: >= 10 Years | AP92: =AI92 -> 0 | AQ92: 1 | AR92: Not Waived | AS92: No | AT92: No | AU92: No | AV92: No | AW92: No | AX92: NULL | AY92: No | AZ92: 19267 | BA92: 3 | BB92: Moderate | BC92: 0 | BD92: 0 | BE92: 90046.13 | BF92: 47418.74 | BG92: 150 | BH92: 0 | BI92: 84390 | BJ92: 222004.87 | BK92: 0 | BL92: 222004.87 | BM92: =IF(ROUND((6*RAND()),0)=0,1,(ROUND((6*RAND()),0))) -> 0 | BN92: No Coverage | BO92: 1000000 | BP92: 100000 | BQ92: 100000 | BR92: No Coverage | BS92: 250000 | BT92: 0 | BU92: 0 | BV92: 0 | BW92: 0 | BX92: 1 | BY92: 0 | BZ92: Slate | CA92: NULL | CB92: Other
A93: 91 | B93: HS2429007 | C93: 44867 | D93: 33 | E93: More than 30 days | F93: Ground up Construction | G93: 0 | H93: 2500000 | I93: 32000 | J93: 325000 | K93: 0 | L93: Homeowner | M93: 1042145 | N93: 87 Otter Island Rd | P93: Kiawah Island | Q93: SC | R93: 29455 | S93: Charleston | T93: 0 - 2,500 Feet | U93: 0 | V93: 10-B | W93: NULL | X93: Inland | Y93: 10000 | Z93: 5 | AA93: N/A | AB93: N/A | AC93: 761 | AD93: Frame | AE93: 2 | AF93: PRP - B/C/X | AG93: 0 | AH93: 0 | AI93: 0 | AJ93: 2006 | AK93: NULL | AL93: NULL | AM93: N/A | AN93: 1 | AO93: 0 - 5 Years | AP93: =AI93 -> 0 | AQ93: 0 | AR93: Waived | AS93: No | AT93: No | AU93: No | AV93: No | AW93: No | AX93: Impact Glass Rated For Large Missiles | AY93: Yes | AZ93: 3456 | BA93: NULL | BB93: NULL | BC93: 4390.7615 | BD93: 10054.71 | BE93: 0 | BF93: 0 | BG93: 150 | BH93: 0 | BI93: 8261 | BJ93: 22856 | BK93: 2193.24 | BL93: 25049.24 | BM93: =IF(ROUND((6*RAND()),0)=0,1,(ROUND((6*RAND()),0))) -> 1 | BN93: 2000000 | BO93: 500000 | BP93: 200000 | BQ93: 1000000 | BR93: 50000 | BS93: 1000000 | BT93: 0 | BU93: 1 | BV93: 0 | BW93: 0 | BX93: 1 | BY93: 0 | BZ93: Rated Shingle for High Wind Speeds | CA93: 8d @ 6"/6" | CB93: Gable
A94: 92 | B94: HS2405586 | C94: 44756 | D94: 21 | E94: More than 30 days | F94: Ground up Construction | G94: 0 | H94: 4100000 | I94: 350000 | J94: 500000 | K94: 0 | L94: Homeowner | M94: 342679 | N94: 8814 Stable Crest Blvd | P94: Houston | Q94: TX | R94: 77024 | S94: Harris | T94: > 5 Miles | U94: 0 | V94: 300-D | W94: Not Applicable | X94: Inland | Y94: 100000 | Z94: 3 | AA94: 0 | AB94: N/A | AC94: 852 | AD94: Frame | AE94: 1 | AF94: PRP - B/C/X | AG94: 1 | AH94: 0 | AI94: 1 | AJ94: 1992 | AK94: NULL | AL94: NULL | AM94: N/A | AN94: 0 | AO94: 0 - 5 Years | AP94: =AI94 -> 1 | AQ94: 0 | AR94: Waived | AS94: Yes | AT94: Yes | AU94: Yes | AV94: Yes | AW94: Yes | AX94: Unknown | AY94: No | AZ94: 6726 | BA94: NULL | BB94: NULL | BC94: 8042.6829 | BD94: 11721.74 | BE94: 0 | BF94: 0 | BG94: 150 | BH94: 0 | BI94: 9756 | BJ94: 29670 | BK94: 0 | BL94: 29670 | BM94: =IF(ROUND((6*RAND()),0)=0,1,(ROUND((6*RAND()),0))) -> 4 | BN94: No Coverage | BO94: 1000000 | BP94: 50000 | BQ94: 50000 | BR94: 2000000 | BS94: 250000 | BT94: 0 | BU94: 0 | BV94: 0 | BW94: 0 | BX94: 1 | BY94: 0 | BZ94: Metal Sheathing With Concealed Fasteners | CA94: Unknown | CB94: Hip
A95: 93 | B95: HS2405995 | C95: 44757 | D95: 21 | E95: More than 30 days | F95: Ground up Construction | G95: 0 | H95: 3600000 | I95: 0 | J95: 0 | K95: 0 | L95: Homeowner | M95: 1950917 | N95: 30 College Pl | P95: Brooklyn | Q95: NY | R95: 11201 | S95: Kings | T95: 1,001 Feet - 1 Mile | U95: 0 | V95: 1701-B | W95: NULL | X95: Inland | Y95: 100000 | Z95: 3 | AA95: N/A | AB95: N/A | AC95: 698 | AD95: Brick | AE95: 1 | AF95: PRP - B/C/X | AG95: 0 | AH95: 0 | AI95: 0 | AJ95: 1899 | AK95: 1983 | AL95: 2020 | AM95: N/A | AN95: 1 | AO95: 0 - 5 Years | AP95: =AI95 -> 0 | AQ95: 0 | AR95: Waived | AS95: No | AT95: No | AU95: No | AV95: Yes | AW95: No | AX95: Unknown | AY95: No | AZ95: 2400 | BA95: NULL | BB95: NULL | BC95: 17828.271 | BD95: 4058.08 | BE95: 0 | BF95: 0 | BG95: 0 | BH95: 0 | BI95: 0 | BJ95: 21886 | BK95: 0 | BL95: 21886 | BM95: =IF(ROUND((6*RAND()),0)=0,1,(ROUND((6*RAND()),0))) -> 1 | BN95: No Coverage | BO95: 500000 | BP95: Base | BQ95: 2000000 | BR95: 100000 | BS95: 100000 | BT95: 0 | BU95: 0 | BV95: 0 | BW95: 0 | BX95: 0 | BY95: 0 | BZ95: Normal Shingle | CA95: Unknown | CB95: Unknown
A96: 94 | B96: HS2345972 | C96: 44849 | D96: 30 | E96: More than 30 days | F96: Ground up Construction | G96: 1 | H96: 7700000 | I96: 645000 | J96: 0 | K96: 0 | L96: Homeowner | M96: 1755344 | N96: 3780 FORT CHARLES | P96: NAPLES | Q96: FL | R96: 34102 | S96: Collier | T96: < 1000 ft | U96: 1 | V96: 14-B | W96: NULL | X96: Coastal | Y96: 25000 | Z96: 5 | AA96: N/A | AB96: N/A | AC96: 826 | AD96: Masonry | AE96: 1 | AF96: AE/A1-A30/A Unnumbered | AG96: 0 | AH96: 0 | AI96: 0 | AJ96: 2021 | AK96: NULL | AL96: NULL | AM96: N/A | AN96: 0 | AO96: 0 - 5 Years | AP96: =AI96 -> 0 | AQ96: 0 | AR96: Waived | AS96: Yes | AT96: Yes | AU96: No | AV96: No | AW96: No | AX96: Impact Glass Rated For Large Missiles | AY96: Yes | AZ96: 8053 | BA96: NULL | BB96: NULL | BC96: 13417.755 | BD96: 23242.37 | BE96: 0 | BF96: 0 | BG96: 300 | BH96: 0 | BI96: 39814 | BJ96: 76774 | BK96: 300 | BL96: 77074 | BM96: =IF(ROUND((6*RAND()),0)=0,1,(ROUND((6*RAND()),0))) -> 3 | BN96: 500000 | BO96: 250000 | BP96: 100000 | BQ96: 250000 | BR96: No Coverage | BS96: 1000000 | BT96: 0 | BU96: 0 | BV96: 0 | BW96: 0 | BX96: 0 | BY96: 0 | BZ96: Normal Shingle | CA96: 8d @ 6"/6" | CB96: Hip
A97: 95 | B97: HS2362488 | C97: 44908 | D97: 36 | E97: More than 30 days | F97: Ground up Construction | G97: 1 | H97: 2400000 | I97: 480000 | J97: 0 | K97: 0 | L97: Homeowner | M97: 1625479 | N97: 1281 NE Langford Lane | P97: Jensen Beach | Q97: FL | R97: 34957 | S97: Martin | T97: 1001 ft - 1 mile | U97: 0 | V97: 5-C | W97: NULL | X97: Inland | Y97: 10000 | Z97: 5 | AA97: N/A | AB97: N/A | AC97: 739 | AD97: Masonry | AE97: 3 | AF97: PRP - B/C/X | AG97: 0 | AH97: 0 | AI97: 0 | AJ97: 2021 | AK97: NULL | AL97: NULL | AM97: N/A | AN97: 0 | AO97: 5 - 9 Years | AP97: =AI97 -> 0 | AQ97: 0 | AR97: Waived | AS97: Yes | AT97: Yes | AU97: Yes | AV97: No | AW97: No | AX97: Impact Shutters Rated For Large Missiles | AY97: Yes | AZ97: 4548 | BA97: NULL | BB97: NULL | BC97: 5190.4148 | BD97: 9777.76 | BE97: 0 | BF97: 0 | BG97: 300 | BH97: 0 | BI97: 10350 | BJ97: 25618 | BK97: 0 | BL97: 25618 | BM97: =IF(ROUND((6*RAND()),0)=0,1,(ROUND((6*RAND()),0))) -> 1 | BN97: No Coverage | BO97: 500000 | BP97: 50000 | BQ97: 500000 | BR97: No Coverage | BS97: 500000 | BT97: 0 | BU97: 0 | BV97: 0 | BW97: 0 | BX97: 1 | BY97: 0 | BZ97: Concrete / Clay Tiles | CA97: 8d @ 6"/6" | CB97: Hip
A98: 96 | B98: HS2399523 | C98: 44722 | D98: 18 | E98: More than 30 days | F98: Ground up Construction | G98: 0 | H98: 10000000 | I98: 500000 | J98: 0 | K98: 0 | L98: Homeowner | M98: 1406732 | N98: 1099 Nelson's Walk | P98: Naples | Q98: FL | R98: 34102 | S98: Collier | T98: Barrier Island | U98: 1 | V98: 14-Z | W98: NULL | X98: Coastal | Y98: 50000 | Z98: 25 | AA98: N/A | AB98: N/A | AC98: 689 | AD98: Masonry | AE98: 1 | AF98: PRP - B/C/X | AG98: 0 | AH98: 0 | AI98: 0 | AJ98: 1997 | AK98: NULL | AL98: NULL | AM98: N/A | AN98: 0 | AO98: 5 - 9 Years | AP98: =AI98 -> 0 | AQ98: 0 | AR98: Waived | AS98: No | AT98: No | AU98: Yes | AV98: No | AW98: No | AX98: None | AY98: No | AZ98: 9429 | BA98: NULL | BB98: NULL | BC98: 24578.456 | BD98: 21354.21 | BE98: 0 | BF98: 0 | BG98: 0 | BH98: 0 | BI98: 116065 | BJ98: 161998 | BK98: 1250 | BL98: 163248 | BM98: =IF(ROUND((6*RAND()),0)=0,1,(ROUND((6*RAND()),0))) -> 5 | BN98: 250000 | BO98: 50000 | BP98: 100000 | BQ98: 100000 | BR98: 50000 | BS98: 1000000 | BT98: 0 | BU98: 0 | BV98: 0 | BW98: 0 | BX98: 1 | BY98: 0 | BZ98: Concrete / Clay Tiles | CA98: 8d @ 6"/6" | CB98: Hip
A99: 97 | B99: HS2364975 | C99: 44912 | D99: 36 | E99: More than 30 days | F99: Ground up Construction | G99: 0 | H99: 2200000 | I99: 200000 | J99: 0 | K99: 0 | L99: Homeowner | M99: 1346986 | N99: 70 Compass Lane | P99: Fort Lauderdale | Q99: FL | R99: 33308 | S99: Broward | T99: < 1000 ft | U99: 0 | V99: 3-B | W99: NULL | X99: Inland | Y99: 10000 | Z99: 5 | AA99: N/A | AB99: N/A | AC99: 933 | AD99: Masonry | AE99: 1 | AF99: AE/A1-A30/A Unnumbered | AG99: 0 | AH99: 0 | AI99: 0 | AJ99: 1976 | AK99: 2021 | AL99: 2021 | AM99: N/A | AN99: 0 | AO99: 5 - 9 Years | AP99: =AI99 -> 0 | AQ99: 0 | AR99: Waived | AS99: No | AT99: No | AU99: Yes | AV99: Yes | AW99: No | AX99: Impact Glass Rated For Large Missiles | AY99: Yes | AZ99: 4507 | BA99: NULL | BB99: NULL | BC99: 6095.0048 | BD99: 17620.21 | BE99: 0 | BF99: 0 | BG99: 300 | BH99: 0 | BI99: 7435 | BJ99: 31450 | BK99: 0 | BL99: 31450 | BM99: =IF(ROUND((6*RAND()),0)=0,1,(ROUND((6*RAND()),0))) -> 1 | BN99: 250000 | BO99: 25000 | BP99: Base | BQ99: 1000000 | BR99: 100000 | BS99: 2000000 | BT99: 0 | BU99: 0 | BV99: 0 | BW99: 0 | BX99: 1 | BY99: 0 | BZ99: Concrete / Clay Tiles | CA99: 8d @ 6"/6" | CB99: Hip
A100: 98 | B100: HS2427025 | C100: 44865 | D100: 30 | E100: More than 30 days | F100: Ground up Construction | G100: 0 | H100: 2725000 | I100: 261600 | J100: 0 | K100: 0 | L100: Homeowner | M100: 29550 | N100: 13678 DEERING BAY DRIVE | P100: CORAL GABLES | Q100: FL | R100: 33158 | S100: Miami-Dade | T100: < 1000 ft | U100: 1 | V100: 2-B | W100: NULL | X100: Coastal | Y100: 10000 | Z100: 5 | AA100: N/A | AB100: N/A | AC100: 835 | AD100: Masonry | AE100: 1 | AF100: AE/A1-A30/A Unnumbered | AG100: 0 | AH100: 0 | AI100: 0 | AJ100: 2002 | AK100: NULL | AL100: 2021 | AM100: N/A | AN100: 0 | AO100: 0 - 5 Years | AP100: =AI100 -> 0 | AQ100: 1 | AR100: Not Waived | AS100: No | AT100: No | AU100: No | AV100: No | AW100: No | AX100: Impact Glass Rated For Large Missiles | AY100: Yes | AZ100: 5357 | BA100: NULL | BB100: NULL | BC100: 9507.6258 | BD100: 20501.31 | BE100: 0 | BF100: 0 | BG100: 300 | BH100: 0 | BI100: 65262 | BJ100: 95571 | BK100: 200 | BL100: 95771 | BM100: =IF(ROUND((6*RAND()),0)=0,1,(ROUND((6*RAND()),0))) -> 5 | BN100: 2000000 | BO100: 25000 | BP100: 100000 | BQ100: 250000 | BR100: 50000 | BS100: 50000 | BT100: 0 | BU100: 0 | BV100: 0 | BW100: 0 | BX100: 0 | BY100: 0 | BZ100: Concrete / Clay Tiles | CA100: 8d @ 6"/6" | CB100: Hip
...

Sheet Sheet1
A1: Row_Number | G1: 3 | H1: =RAND() -> 0.11598817 | K1: =RAND() -> 0.97137143 | L1: =INT(K1*48)+1 -> 47 | M1: =IF(MOD(L1,3)=0,L1,12) -> 12
A2: 1 | B2: =RAND() -> 0.10914243 | C2: =INT(B2*48)+1 -> 6 | D2: =IF(MOD(C2,3)=0,C2,12) -> 6 | G2: 6 | H2: =RAND() -> 0.23519834 | K2: =RAND() -> 0.73343923 | L2: =INT(K2*48)+1 -> 36 | M2: =IF(MOD(L2,3)=0,L2,12) -> 36
A3: 2 | B3: =RAND() -> 0.86262518 | C3: =INT(B3*48)+1 -> 42 | D3: =IF(MOD(C3,3)=0,C3,12) -> 42 | G3: 9 | H3: =RAND() -> 0.12813558 | K3: =RAND() -> 0.7342443 | L3: =INT(K3*48)+1 -> 36 | M3: =IF(MOD(L3,3)=0,L3,12) -> 36
A4: 3 | B4: =RAND() -> 0.52847912 | C4: =INT(B4*48)+1 -> 26 | D4: =IF(MOD(C4,3)=0,C4,12) -> 12 | G4: 12 | H4: =RAND() -> 0.83787893 | K4: =RAND() -> 0.45782443 | L4: =INT(K4*48)+1 -> 22 | M4: =IF(MOD(L4,3)=0,L4,12) -> 12
A5: 4 | B5: =RAND() -> 0.17404323 | C5: =INT(B5*48)+1 -> 9 | D5: =IF(MOD(C5,3)=0,C5,12) -> 9 | G5: 15 | H5: =RAND() -> 0.4144543 | K5: =RAND() -> 0.84498408 | L5: =INT(K5*48)+1 -> 41 | M5: =IF(MOD(L5,3)=0,L5,12) -> 12
A6: 5 | B6: =RAND() -> 0.99372573 | C6: =INT(B6*48)+1 -> 48 | D6: =IF(MOD(C6,3)=0,C6,12) -> 48 | G6: 18 | H6: =RAND() -> 0.35742547 | K6: =RAND() -> 0.19186267 | L6: =INT(K6*48)+1 -> 10 | M6: =IF(MOD(L6,3)=0,L6,12) -> 12
A7: 6 | B7: =RAND() -> 0.68598309 | C7: =INT(B7*48)+1 -> 33 | D7: =IF(MOD(C7,3)=0,C7,12) -> 33 | G7: 21 | H7: =RAND() -> 0.27510747 | K7: =RAND() -> 0.39722085 | L7: =INT(K7*48)+1 -> 20 | M7: =IF(MOD(L7,3)=0,L7,12) -> 12
A8: 7 | B8: =RAND() -> 0.24671785 | C8: =INT(B8*48)+1 -> 12 | D8: =IF(MOD(C8,3)=0,C8,12) -> 12 | G8: 24 | H8: =RAND() -> 0.16383753 | K8: =RAND() -> 0.77932015 | L8: =INT(K8*48)+1 -> 38 | M8: =IF(MOD(L8,3)=0,L8,12) -> 12
A9: 8 | B9: =RAND() -> 0.24273172 | C9: =INT(B9*48)+1 -> 12 | D9: =IF(MOD(C9,3)=0,C9,12) -> 12 | G9: 27 | H9: =RAND() -> 0.29137776 | K9: =RAND() -> 0.66993853 | L9: =INT(K9*48)+1 -> 33 | M9: =IF(MOD(L9,3)=0,L9,12) -> 33
A10: 9 | B10: =RAND() -> 0.089787833 | C10: =INT(B10*48)+1 -> 5 | D10: =IF(MOD(C10,3)=0,C10,12) -> 12 | G10: 30 | H10: =RAND() -> 0.33844058 | K10: =RAND() -> 0.10724592 | L10: =INT(K10*48)+1 -> 6 | M10: =IF(MOD(L10,3)=0,L10,12) -> 6
A11: 10 | B11: =RAND() -> 0.65472239 | C11: =INT(B11*48)+1 -> 32 | D11: =IF(MOD(C11,3)=0,C11,12) -> 12 | G11: 33 | H11: =RAND() -> 0.57204502 | K11: =RAND() -> 0.64162688 | L11: =INT(K11*48)+1 -> 31 | M11: =IF(MOD(L11,3)=0,L11,12) -> 12
A12: 11 | B12: =RAND() -> 0.20728863 | C12: =INT(B12*48)+1 -> 10 | D12: =IF(MOD(C12,3)=0,C12,12) -> 12 | G12: 36 | H12: =RAND() -> 0.274957 | K12: =RAND() -> 0.68510333 | L12: =INT(K12*48)+1 -> 33 | M12: =IF(MOD(L12,3)=0,L12,12) -> 33
A13: 12 | B13: =RAND() -> 0.56236764 | C13: =INT(B13*48)+1 -> 27 | D13: =IF(MOD(C13,3)=0,C13,12) -> 27 | G13: 39 | H13: =RAND() -> 0.70004863 | K13: =RAND() -> 0.080921145 | L13: =INT(K13*48)+1 -> 4 | M13: =IF(MOD(L13,3)=0,L13,12) -> 12
... A16: 15 | B16: =RAND() -> 0.71429927 | C16: =INT(B16*48)+1 -> 35 | D16: =IF(MOD(C16,3)=0,C16,12) -> 12 | G16: 48 | H16: =RAND() -> 0.82281958 | K16: =RAND() -> 0.10839 | L16: =INT(K16*48)+1 -> 6 | M16: =IF(MOD(L16,3)=0,L16,12) -> 6
A17: 16 | B17: =RAND() -> 0.49689396 | C17: =INT(B17*48)+1 -> 24 | D17: =IF(MOD(C17,3)=0,C17,12) -> 24 | K17: =RAND() -> 0.68474453 | L17: =INT(K17*48)+1 -> 33 | M17: =IF(MOD(L17,3)=0,L17,12) -> 33
A18: 17 | B18: =RAND() -> 0.71161152 | C18: =INT(B18*48)+1 -> 35 | D18: =IF(MOD(C18,3)=0,C18,12) -> 12 | K18: =RAND() -> 0.64751624 | L18: =INT(K18*48)+1 -> 32 | M18: =IF(MOD(L18,3)=0,L18,12) -> 12
A19: 18 | B19: =RAND() -> 0.82325495 | C19: =INT(B19*48)+1 -> 40 | D19: =IF(MOD(C19,3)=0,C19,12) -> 12 | K19: =RAND() -> 0.83141394 | L19: =INT(K19*48)+1 -> 40 | M19: =IF(MOD(L19,3)=0,L19,12) -> 12
A20: 19 | B20: =RAND() -> 0.26509644 | C20: =INT(B20*48)+1 -> 13 | D20: =IF(MOD(C20,3)=0,C20,12) -> 12 | K20: =RAND() -> 0.10347577 | L20: =INT(K20*48)+1 -> 5 | M20: =IF(MOD(L20,3)=0,L20,12) -> 12
A21: 20 | B21: =RAND() -> 0.58971845 | C21: =INT(B21*48)+1 -> 29 | D21: =IF(MOD(C21,3)=0,C21,12) -> 12 | K21: =RAND() -> 0.44843431 | L21: =INT(K21*48)+1 -> 22 | M21: =IF(MOD(L21,3)=0,L21,12) -> 12
A22: 21 | B22: =RAND() -> 0.90227511 | C22: =INT(B22*48)+1 -> 44 | D22: =IF(MOD(C22,3)=0,C22,12) -> 12 | K22: =RAND() -> 0.83473036 | L22: =INT(K22*48)+1 -> 41 | M22: =IF(MOD(L22,3)=0,L22,12) -> 12
A23: 22 | B23: =RAND() -> 0.66405055 | C23: =INT(B23*48)+1 -> 32 | D23: =IF(MOD(C23,3)=0,C23,12) -> 12 | K23: =RAND() -> 0.62341943 | L23: =INT(K23*48)+1 -> 30 | M23: =IF(MOD(L23,3)=0,L23,12) -> 30
A24: 23 | B24: =RAND() -> 0.62298583 | C24: =INT(B24*48)+1 -> 30 | D24: =IF(MOD(C24,3)=0,C24,12) -> 30 | K24: =RAND() -> 0.78622291 | L24: =INT(K24*48)+1 -> 38 | M24: =IF(MOD(L24,3)=0,L24,12) -> 12
A25: 24 | B25: =RAND() -> 0.58717567 | C25: =INT(B25*48)+1 -> 29 | D25: =IF(MOD(C25,3)=0,C25,12) -> 12 | K25: =RAND() -> 0.15451732 | L25: =INT(K25*48)+1 -> 8 | M25: =IF(MOD(L25,3)=0,L25,12) -> 12
A26: 25 | B26: =RAND() -> 0.19095453 | C26: =INT(B26*48)+1 -> 10 | D26: =IF(MOD(C26,3)=0,C26,12) -> 12 | K26: =RAND() -> 0.023411942 | L26: =INT(K26*48)+1 -> 2 | M26: =IF(MOD(L26,3)=0,L26,12) -> 12
A27: 26 | B27: =RAND() -> 0.44870055 | C27: =INT(B27*48)+1 -> 22 | D27: =IF(MOD(C27,3)=0,C27,12) -> 12 | K27: =RAND() -> 0.73344484 | L27: =INT(K27*48)+1 -> 36 | M27: =IF(MOD(L27,3)=0,L27,12) -> 36
A28: 27 | B28: =RAND() -> 0.43305931 | C28: =INT(B28*48)+1 -> 21 | D28: =IF(MOD(C28,3)=0,C28,12) -> 21 | K28: =RAND() -> 0.42447832 | L28: =INT(K28*48)+1 -> 21 | M28: =IF(MOD(L28,3)=0,L28,12) -> 21
... A48: 47 | B48: =RAND() -> 0.86252328 | C48: =INT(B48*48)+1 -> 42 | D48: =IF(MOD(C48,3)=0,C48,12) -> 42 | K48: =RAND() -> 0.27156419 | L48: =INT(K48*48)+1 -> 14 | M48: =IF(MOD(L48,3)=0,L48,12) -> 12
A49: 48 | B49: =RAND() -> 0.49279189 | C49: =INT(B49*48)+1 -> 24 | D49: =IF(MOD(C49,3)=0,C49,12) -> 24
A50: 49 | B50: =RAND() -> 0.43790797 | C50: =INT(B50*48)+1 -> 22 | D50: =IF(MOD(C50,3)=0,C50,12) -> 12
A51: 50 | B51: =RAND() -> 0.54340464 | C51: =INT(B51*48)+1 -> 27 | D51: =IF(MOD(C51,3)=0,C51,12) -> 27
A52: 51 | B52: =RAND() -> 0.62077453 | C52: =INT(B52*48)+1 -> 30 | D52: =IF(MOD(C52,3)=0,C52,12) -> 30
A53: 52 | B53: =RAND() -> 0.39185204 | C53: =INT(B53*48)+1 -> 19 | D53: =IF(MOD(C53,3)=0,C53,12) -> 12
A54: 53 | B54: =RAND() -> 0.097059794 | C54: =INT(B54*48)+1 -> 5 | D54: =IF(MOD(C54,3)=0,C54,12) -> 12
A55: 54 | B55: =RAND() -> 0.047433163 | C55: =INT(B55*48)+1 -> 3 | D55: =IF(MOD(C55,3)=0,C55,12) -> 3
A56: 55 | B56: =RAND() -> 0.32101297 | C56: =INT(B56*48)+1 -> 16 | D56: =IF(MOD(C56,3)=0,C56,12) -> 12
A57: 56 | B57: =RAND() -> 0.0998695 | C57: =INT(B57*48)+1 -> 5 | D57: =IF(MOD(C57,3)=0,C57,12) -> 12
A58: 57 | B58: =RAND() -> 0.2549826 | C58: =INT(B58*48)+1 -> 13 | D58: =IF(MOD(C58,3)=0,C58,12) -> 12
A59: 58 | B59: =RAND() -> 0.30963063 | C59: =INT(B59*48)+1 -> 15 | D59: =IF(MOD(C59,3)=0,C59,12) -> 15
A60: 59 | B60: =RAND() -> 0.26196178 | C60: =INT(B60*48)+1 -> 13 | D60: =IF(MOD(C60,3)=0,C60,12) -> 12
... A348: 347 | B348: =RAND() -> 0.78942356 | C348: =INT(B348*48)+1 -> 38 | D348: =IF(MOD(C348,3)=0,C348,12) -> 12

Sheet Sheet3
J1: Row | K1: Hail Deductible | P1: Age of Builiding: Lower Bound | Q1: Age of Building: Range | V1: Years in Business: Range | AA1: State_Province_Cd | AH1: Window_And_Other_Opening_Protection_Type_Name | AQ1: Soft Costs Covergage Dropdown Options | AT1: Scaffolding and Other Construction Forms Dropdown Options | AX1: Percentage of Covered Property Limit | BC1: Valuable Papers and Records Dropdown Options | BH1: Property at a Temporary Storage Location Dropdown Options
B2: Hail Applicable Ind | J2: 1 | K2: N/A - AOP Deductible Applies | P2: 0 | Q2: 0 - 10 Years | U2: 1 | V2: 0 - 5 Years | AA2: AK | AH2: Unknown | AI2: No | AP2: 1 | AQ2: No Coverage | AS2: 0 | AT2: 20000 | AW2: 0 | AX2: Base | BB2: 0 | BC2: 25000 | BG2: 0 | BH2: No Coverage
A3: AK | B3: 1 | J3: 2 | K3: 2500 | P3: 11 | Q3: 11 - 25 Years | U3: 2 | V3: 5 - 9 Years | AA3: AL | AH3: Impact Glass Rated For Large Missiles | AI3: Yes | AP3: 2 | AQ3: 50000 | AS3: =AS2+1 -> 1 | AT3: 25000 | AW3: =AW2+1 -> 1 | AX3: 50000 | BB3: =BB2+1 -> 1 | BC3: 50000 | BG3: =BG2+1 -> 1 | BH3: 50000
A4: AL | B4: 0 | J4: 3 | K4: 0.0025 | P4: 26 | Q4: 26 - 50 Years | U4: 3 | V4: >= 10 Years | AA4: AR | AH4: Partial Opening Protection | AI4: Yes | AP4: 3 | AQ4: 100000 | AS4: =AS3+1 -> 2 | AT4: 50000 | AW4: =AW3+1 -> 2 | AX4: 100000 | BB4: =BB3+1 -> 2 | BC4: 100000 | BG4: =BG3+1 -> 2 | BH4: 100000
A5: AR | B5: 1 | J5: 4 | K5: 0.005 | P5: 51 | Q5: 51 - 75 Years | AA5: AZ | AH5: None | AI5: No | AP5: 4 | AQ5: 250000 | AS5: =AS4+1 -> 3 | AT5: 100000 | AW5: =AW4+1 -> 3 | AX5: 200000 | BB5: =BB4+1 -> 3 | BC5: 250000 | BG5: =BG4+1 -> 3 | BH5: 250000
A6: AZ | B6: N/A | J6: 5 | K6: 0.01 | P6: 76 | Q6: >= 76 Years | AA6: CA | AH6: NULL | AI6: No | AP6: 5 | AQ6: 500000 | AS6: =AS5+1 -> 4 | AT6: 250000 | BB6: =BB5+1 -> 4 | BC6: 500000 | BG6: =BG5+1 -> 4 | BH6: 500000
A7: CA | B7: N/A | J7: 6 | K7: 0.02 | AA7: CO | AH7: Impact Shutters Rated For Large Missiles | AI7: Yes | AP7: 6 | AQ7: 1000000 | AS7: =AS6+1 -> 5 | AT7: 500000 | BB7: =BB6+1 -> 5 | BC7: 1000000 | BG7: =BG6+1 -> 5 | BH7: 1000000
A8: CO | B8: 1 | J8: 7 | K8: 0.03 | AA8: CT | AH8: Impact Glass Rated For Small/Medium Missiles | AI8: Yes | AP8: 7 | AQ8: 2000000 | AS8: =AS7+1 -> 6 | AT8: 1000000 | BB8: =BB7+1 -> 6 | BC8: 2000000 | BG8: =BG7+1 -> 6 | BH8: 2000000
A9: CT | B9: N/A | AA9: DC | AB9: DE | AH9: Impact Glass | AI9: Yes | AS9: =AS8+1 -> 7 | AT9: 2000000
A10: DC | B10: 1 | AA10: FL | AB10: IA | AH10: Basic Protection | AI10: Yes
A11: DE | B11: N/A | AA11: GA | AB11: ID | AH11: Class A - Hurricane Impact Glass | AI11: Yes
A12: FL | B12: N/A | AA12: HI | AB12: ND
A13: GA | B13: 0 | AA13: IL | AB13: NE
A14: HI | B14: N/A | AA14: IN
A15: IA | B15: 1 | AA15: KS
A16: ID | B16: N/A | AA16: KY
A17: IL | B17: 0 | AA17: LA
A18: IN | B18: 1 | AA18: MA
A19: KS | B19: 1 | AA19: MD
A20: KY | B20: 1 | AA20: ME
A21: LA | B21: 0 | AA21: MI
A22: MA | B22: N/A | AA22: MN
A23: MD | B23: N/A | AA23: MO
A24: ME | B24: 1 | AA24: MT
A25: MI | B25: 1 | AA25: NC
A26: MN | B26: 1 | AA26: NH
A27: MO | B27: 1 | AA27: NJ
A28: MT | B28: 1 | AA28: NM
A29: NC | B29: N/A | AA29: NV
A30: ND | B30: 1 | AA30: NY
A31: NE | B31: 1 | AA31: OH
A32: NH | B32: 1 | AA32: OK
A33: NJ | B33: N/A | AA33: OR
A34: NM | B34: N/A | AA34: PA
A35: NV | B35: N/A | AA35: RI
A36: NY | B36: N/A | AA36: SC
A37: OH | B37: 1 | AA37: SD
A38: OK | B38: 1 | AA38: TN
A39: OR | B39: N/A | AA39: TX
A40: PA | B40: 1 | AA40: UT
A41: RI | B41: N/A | AA41: VA
A42: SC | B42: N/A | AA42: VT
A43: SD | B43: 1 | AA43: WA
A44: TN | B44: N/A | AA44: WI
A45: TX | B45: 0 | AA45: WV
A46: UT | B46: N/A | AA46: WY
A47: VA | B47: N/A
A48: VT | B48: 1
A49: WA | B49: N/A
A50: WI | B50: 1
A51: WV | B51: 1
A52: WY | B52: 1
